solid OpenSCAD_Model
  facet normal -1 0 0
    outer loop
      vertex -100 100 -10
      vertex -100 90 10
      vertex -100 100 10
    endloop
  endfacet
  facet normal -1 0 0
    outer loop
      vertex -100 100 -10
      vertex -100 -90 10
      vertex -100 90 10
    endloop
  endfacet
  facet normal -1 0 0
    outer loop
      vertex -100 -100 -10
      vertex -100 -90 10
      vertex -100 100 -10
    endloop
  endfacet
  facet normal -1 -0 0
    outer loop
      vertex -100 -90 10
      vertex -100 -100 -10
      vertex -100 -100 10
    endloop
  endfacet
  facet normal -0 0 1
    outer loop
      vertex 99.9803 -90.6279 10
      vertex 100 -100 10
      vertex 100 -90 10
    endloop
  endfacet
  facet normal -0 0 1
    outer loop
      vertex 99.9211 -91.2533 10
      vertex 100 -100 10
      vertex 99.9803 -90.6279 10
    endloop
  endfacet
  facet normal -0 0 1
    outer loop
      vertex 99.8229 -91.8738 10
      vertex 100 -100 10
      vertex 99.9211 -91.2533 10
    endloop
  endfacet
  facet normal -0 0 1
    outer loop
      vertex 99.6858 -92.4869 10
      vertex 100 -100 10
      vertex 99.8229 -91.8738 10
    endloop
  endfacet
  facet normal -0 0 1
    outer loop
      vertex 99.5106 -93.0902 10
      vertex 100 -100 10
      vertex 99.6858 -92.4869 10
    endloop
  endfacet
  facet normal -0 0 1
    outer loop
      vertex 99.2978 -93.6812 10
      vertex 100 -100 10
      vertex 99.5106 -93.0902 10
    endloop
  endfacet
  facet normal -0 0 1
    outer loop
      vertex 99.0483 -94.2578 10
      vertex 100 -100 10
      vertex 99.2978 -93.6812 10
    endloop
  endfacet
  facet normal -0 0 1
    outer loop
      vertex 98.7631 -94.8175 10
      vertex 100 -100 10
      vertex 99.0483 -94.2578 10
    endloop
  endfacet
  facet normal -0 0 1
    outer loop
      vertex 98.4433 -95.3583 10
      vertex 100 -100 10
      vertex 98.7631 -94.8175 10
    endloop
  endfacet
  facet normal -0 0 1
    outer loop
      vertex 98.0902 -95.8779 10
      vertex 100 -100 10
      vertex 98.4433 -95.3583 10
    endloop
  endfacet
  facet normal -0 0 1
    outer loop
      vertex 97.7051 -96.3742 10
      vertex 100 -100 10
      vertex 98.0902 -95.8779 10
    endloop
  endfacet
  facet normal -0 0 1
    outer loop
      vertex 97.2897 -96.8455 10
      vertex 100 -100 10
      vertex 97.7051 -96.3742 10
    endloop
  endfacet
  facet normal -0 0 1
    outer loop
      vertex 96.8455 -97.2897 10
      vertex 100 -100 10
      vertex 97.2897 -96.8455 10
    endloop
  endfacet
  facet normal -0 0 1
    outer loop
      vertex 96.3742 -97.7051 10
      vertex 100 -100 10
      vertex 96.8455 -97.2897 10
    endloop
  endfacet
  facet normal -0 0 1
    outer loop
      vertex 95.8779 -98.0902 10
      vertex 100 -100 10
      vertex 96.3742 -97.7051 10
    endloop
  endfacet
  facet normal -0 0 1
    outer loop
      vertex 95.3583 -98.4433 10
      vertex 100 -100 10
      vertex 95.8779 -98.0902 10
    endloop
  endfacet
  facet normal -0 0 1
    outer loop
      vertex 94.8175 -98.7631 10
      vertex 100 -100 10
      vertex 95.3583 -98.4433 10
    endloop
  endfacet
  facet normal -0 0 1
    outer loop
      vertex 94.2578 -99.0483 10
      vertex 100 -100 10
      vertex 94.8175 -98.7631 10
    endloop
  endfacet
  facet normal -0 0 1
    outer loop
      vertex 93.6812 -99.2978 10
      vertex 100 -100 10
      vertex 94.2578 -99.0483 10
    endloop
  endfacet
  facet normal -0 0 1
    outer loop
      vertex 93.0902 -99.5106 10
      vertex 100 -100 10
      vertex 93.6812 -99.2978 10
    endloop
  endfacet
  facet normal -0 0 1
    outer loop
      vertex 92.4869 -99.6858 10
      vertex 100 -100 10
      vertex 93.0902 -99.5106 10
    endloop
  endfacet
  facet normal -0 0 1
    outer loop
      vertex 91.8738 -99.8229 10
      vertex 100 -100 10
      vertex 92.4869 -99.6858 10
    endloop
  endfacet
  facet normal -0 0 1
    outer loop
      vertex 91.2533 -99.9211 10
      vertex 100 -100 10
      vertex 91.8738 -99.8229 10
    endloop
  endfacet
  facet normal -0 0 1
    outer loop
      vertex 90.6279 -99.9803 10
      vertex 100 -100 10
      vertex 91.2533 -99.9211 10
    endloop
  endfacet
  facet normal 0 0 1
    outer loop
      vertex 100 -100 10
      vertex 90.6279 -99.9803 10
      vertex 90 -100 10
    endloop
  endfacet
  facet normal 0 0 1
    outer loop
      vertex -90.6279 -99.9803 10
      vertex -100 -100 10
      vertex -90 -100 10
    endloop
  endfacet
  facet normal 0 0 1
    outer loop
      vertex -91.2533 -99.9211 10
      vertex -100 -100 10
      vertex -90.6279 -99.9803 10
    endloop
  endfacet
  facet normal 0 0 1
    outer loop
      vertex -91.8738 -99.8229 10
      vertex -100 -100 10
      vertex -91.2533 -99.9211 10
    endloop
  endfacet
  facet normal 0 0 1
    outer loop
      vertex -92.4869 -99.6858 10
      vertex -100 -100 10
      vertex -91.8738 -99.8229 10
    endloop
  endfacet
  facet normal 0 0 1
    outer loop
      vertex -93.0902 -99.5106 10
      vertex -100 -100 10
      vertex -92.4869 -99.6858 10
    endloop
  endfacet
  facet normal 0 0 1
    outer loop
      vertex -93.6812 -99.2978 10
      vertex -100 -100 10
      vertex -93.0902 -99.5106 10
    endloop
  endfacet
  facet normal 0 0 1
    outer loop
      vertex -94.2578 -99.0483 10
      vertex -100 -100 10
      vertex -93.6812 -99.2978 10
    endloop
  endfacet
  facet normal 0 0 1
    outer loop
      vertex -94.8175 -98.7631 10
      vertex -100 -100 10
      vertex -94.2578 -99.0483 10
    endloop
  endfacet
  facet normal 0 0 1
    outer loop
      vertex -95.3583 -98.4433 10
      vertex -100 -100 10
      vertex -94.8175 -98.7631 10
    endloop
  endfacet
  facet normal 0 0 1
    outer loop
      vertex -95.8779 -98.0902 10
      vertex -100 -100 10
      vertex -95.3583 -98.4433 10
    endloop
  endfacet
  facet normal 0 0 1
    outer loop
      vertex -96.3742 -97.7051 10
      vertex -100 -100 10
      vertex -95.8779 -98.0902 10
    endloop
  endfacet
  facet normal 0 0 1
    outer loop
      vertex -96.8455 -97.2897 10
      vertex -100 -100 10
      vertex -96.3742 -97.7051 10
    endloop
  endfacet
  facet normal 0 0 1
    outer loop
      vertex -97.2897 -96.8455 10
      vertex -100 -100 10
      vertex -96.8455 -97.2897 10
    endloop
  endfacet
  facet normal 0 0 1
    outer loop
      vertex -97.7051 -96.3742 10
      vertex -100 -100 10
      vertex -97.2897 -96.8455 10
    endloop
  endfacet
  facet normal 0 0 1
    outer loop
      vertex -98.0902 -95.8779 10
      vertex -100 -100 10
      vertex -97.7051 -96.3742 10
    endloop
  endfacet
  facet normal 0 0 1
    outer loop
      vertex -98.4433 -95.3583 10
      vertex -100 -100 10
      vertex -98.0902 -95.8779 10
    endloop
  endfacet
  facet normal 0 0 1
    outer loop
      vertex -98.7631 -94.8175 10
      vertex -100 -100 10
      vertex -98.4433 -95.3583 10
    endloop
  endfacet
  facet normal 0 0 1
    outer loop
      vertex -99.0483 -94.2578 10
      vertex -100 -100 10
      vertex -98.7631 -94.8175 10
    endloop
  endfacet
  facet normal 0 0 1
    outer loop
      vertex -99.2978 -93.6812 10
      vertex -100 -100 10
      vertex -99.0483 -94.2578 10
    endloop
  endfacet
  facet normal 0 0 1
    outer loop
      vertex -99.5106 -93.0902 10
      vertex -100 -100 10
      vertex -99.2978 -93.6812 10
    endloop
  endfacet
  facet normal 0 0 1
    outer loop
      vertex -99.6858 -92.4869 10
      vertex -100 -100 10
      vertex -99.5106 -93.0902 10
    endloop
  endfacet
  facet normal 0 0 1
    outer loop
      vertex -99.8229 -91.8738 10
      vertex -100 -100 10
      vertex -99.6858 -92.4869 10
    endloop
  endfacet
  facet normal 0 0 1
    outer loop
      vertex -99.9211 -91.2533 10
      vertex -100 -100 10
      vertex -99.8229 -91.8738 10
    endloop
  endfacet
  facet normal 0 0 1
    outer loop
      vertex -99.9803 -90.6279 10
      vertex -100 -100 10
      vertex -99.9211 -91.2533 10
    endloop
  endfacet
  facet normal 0 0 1
    outer loop
      vertex -100 -100 10
      vertex -99.9803 -90.6279 10
      vertex -100 -90 10
    endloop
  endfacet
  facet normal 0 0 1
    outer loop
      vertex 100 100 10
      vertex 99.9803 90.6279 10
      vertex 100 90 10
    endloop
  endfacet
  facet normal 0 0 1
    outer loop
      vertex 100 100 10
      vertex 99.9211 91.2533 10
      vertex 99.9803 90.6279 10
    endloop
  endfacet
  facet normal 0 0 1
    outer loop
      vertex 100 100 10
      vertex 99.8229 91.8738 10
      vertex 99.9211 91.2533 10
    endloop
  endfacet
  facet normal 0 0 1
    outer loop
      vertex 100 100 10
      vertex 99.6858 92.4869 10
      vertex 99.8229 91.8738 10
    endloop
  endfacet
  facet normal 0 0 1
    outer loop
      vertex 100 100 10
      vertex 99.5106 93.0902 10
      vertex 99.6858 92.4869 10
    endloop
  endfacet
  facet normal 0 0 1
    outer loop
      vertex 100 100 10
      vertex 99.2978 93.6812 10
      vertex 99.5106 93.0902 10
    endloop
  endfacet
  facet normal 0 0 1
    outer loop
      vertex 100 100 10
      vertex 99.0483 94.2578 10
      vertex 99.2978 93.6812 10
    endloop
  endfacet
  facet normal 0 0 1
    outer loop
      vertex 100 100 10
      vertex 98.7631 94.8175 10
      vertex 99.0483 94.2578 10
    endloop
  endfacet
  facet normal 0 0 1
    outer loop
      vertex 100 100 10
      vertex 98.4433 95.3583 10
      vertex 98.7631 94.8175 10
    endloop
  endfacet
  facet normal 0 0 1
    outer loop
      vertex 100 100 10
      vertex 98.0902 95.8779 10
      vertex 98.4433 95.3583 10
    endloop
  endfacet
  facet normal 0 0 1
    outer loop
      vertex 100 100 10
      vertex 97.7051 96.3742 10
      vertex 98.0902 95.8779 10
    endloop
  endfacet
  facet normal 0 0 1
    outer loop
      vertex 100 100 10
      vertex 97.2897 96.8455 10
      vertex 97.7051 96.3742 10
    endloop
  endfacet
  facet normal 0 0 1
    outer loop
      vertex 100 100 10
      vertex 96.8455 97.2897 10
      vertex 97.2897 96.8455 10
    endloop
  endfacet
  facet normal 0 0 1
    outer loop
      vertex 100 100 10
      vertex 96.3742 97.7051 10
      vertex 96.8455 97.2897 10
    endloop
  endfacet
  facet normal 0 0 1
    outer loop
      vertex 100 100 10
      vertex 95.8779 98.0902 10
      vertex 96.3742 97.7051 10
    endloop
  endfacet
  facet normal 0 0 1
    outer loop
      vertex 100 100 10
      vertex 95.3583 98.4433 10
      vertex 95.8779 98.0902 10
    endloop
  endfacet
  facet normal 0 0 1
    outer loop
      vertex 100 100 10
      vertex 94.8175 98.7631 10
      vertex 95.3583 98.4433 10
    endloop
  endfacet
  facet normal 0 0 1
    outer loop
      vertex 100 100 10
      vertex 94.2578 99.0483 10
      vertex 94.8175 98.7631 10
    endloop
  endfacet
  facet normal 0 0 1
    outer loop
      vertex 100 100 10
      vertex 93.6812 99.2978 10
      vertex 94.2578 99.0483 10
    endloop
  endfacet
  facet normal 0 0 1
    outer loop
      vertex 100 100 10
      vertex 93.0902 99.5106 10
      vertex 93.6812 99.2978 10
    endloop
  endfacet
  facet normal 0 0 1
    outer loop
      vertex 100 100 10
      vertex 92.4869 99.6858 10
      vertex 93.0902 99.5106 10
    endloop
  endfacet
  facet normal 0 0 1
    outer loop
      vertex 100 100 10
      vertex 91.8738 99.8229 10
      vertex 92.4869 99.6858 10
    endloop
  endfacet
  facet normal 0 0 1
    outer loop
      vertex 100 100 10
      vertex 91.2533 99.9211 10
      vertex 91.8738 99.8229 10
    endloop
  endfacet
  facet normal 0 0 1
    outer loop
      vertex 100 100 10
      vertex 90.6279 99.9803 10
      vertex 91.2533 99.9211 10
    endloop
  endfacet
  facet normal 0 -0 1
    outer loop
      vertex 90.6279 99.9803 10
      vertex 100 100 10
      vertex 90 100 10
    endloop
  endfacet
  facet normal -0 0 1
    outer loop
      vertex -100 100 10
      vertex -90.6279 99.9803 10
      vertex -90 100 10
    endloop
  endfacet
  facet normal 0 0 1
    outer loop
      vertex -100 100 10
      vertex -91.2533 99.9211 10
      vertex -90.6279 99.9803 10
    endloop
  endfacet
  facet normal 0 0 1
    outer loop
      vertex -100 100 10
      vertex -91.8738 99.8229 10
      vertex -91.2533 99.9211 10
    endloop
  endfacet
  facet normal 0 0 1
    outer loop
      vertex -100 100 10
      vertex -92.4869 99.6858 10
      vertex -91.8738 99.8229 10
    endloop
  endfacet
  facet normal 0 0 1
    outer loop
      vertex -100 100 10
      vertex -93.0902 99.5106 10
      vertex -92.4869 99.6858 10
    endloop
  endfacet
  facet normal 0 0 1
    outer loop
      vertex -100 100 10
      vertex -93.6812 99.2978 10
      vertex -93.0902 99.5106 10
    endloop
  endfacet
  facet normal 0 0 1
    outer loop
      vertex -100 100 10
      vertex -94.2578 99.0483 10
      vertex -93.6812 99.2978 10
    endloop
  endfacet
  facet normal 0 0 1
    outer loop
      vertex -100 100 10
      vertex -94.8175 98.7631 10
      vertex -94.2578 99.0483 10
    endloop
  endfacet
  facet normal 0 0 1
    outer loop
      vertex -100 100 10
      vertex -95.3583 98.4433 10
      vertex -94.8175 98.7631 10
    endloop
  endfacet
  facet normal 0 0 1
    outer loop
      vertex -100 100 10
      vertex -95.8779 98.0902 10
      vertex -95.3583 98.4433 10
    endloop
  endfacet
  facet normal 0 0 1
    outer loop
      vertex -100 100 10
      vertex -96.3742 97.7051 10
      vertex -95.8779 98.0902 10
    endloop
  endfacet
  facet normal 0 0 1
    outer loop
      vertex -100 100 10
      vertex -96.8455 97.2897 10
      vertex -96.3742 97.7051 10
    endloop
  endfacet
  facet normal 0 0 1
    outer loop
      vertex -100 100 10
      vertex -97.2897 96.8455 10
      vertex -96.8455 97.2897 10
    endloop
  endfacet
  facet normal 0 0 1
    outer loop
      vertex -100 100 10
      vertex -97.7051 96.3742 10
      vertex -97.2897 96.8455 10
    endloop
  endfacet
  facet normal 0 0 1
    outer loop
      vertex -100 100 10
      vertex -98.0902 95.8779 10
      vertex -97.7051 96.3742 10
    endloop
  endfacet
  facet normal 0 0 1
    outer loop
      vertex -100 100 10
      vertex -98.4433 95.3583 10
      vertex -98.0902 95.8779 10
    endloop
  endfacet
  facet normal 0 0 1
    outer loop
      vertex -100 100 10
      vertex -98.7631 94.8175 10
      vertex -98.4433 95.3583 10
    endloop
  endfacet
  facet normal 0 0 1
    outer loop
      vertex -100 100 10
      vertex -99.0483 94.2578 10
      vertex -98.7631 94.8175 10
    endloop
  endfacet
  facet normal 0 0 1
    outer loop
      vertex -100 100 10
      vertex -99.2978 93.6812 10
      vertex -99.0483 94.2578 10
    endloop
  endfacet
  facet normal 0 0 1
    outer loop
      vertex -100 100 10
      vertex -99.5106 93.0902 10
      vertex -99.2978 93.6812 10
    endloop
  endfacet
  facet normal 0 0 1
    outer loop
      vertex -100 100 10
      vertex -99.6858 92.4869 10
      vertex -99.5106 93.0902 10
    endloop
  endfacet
  facet normal 0 0 1
    outer loop
      vertex -100 100 10
      vertex -99.8229 91.8738 10
      vertex -99.6858 92.4869 10
    endloop
  endfacet
  facet normal 0 0 1
    outer loop
      vertex -100 100 10
      vertex -99.9211 91.2533 10
      vertex -99.8229 91.8738 10
    endloop
  endfacet
  facet normal 0 0 1
    outer loop
      vertex -100 100 10
      vertex -99.9803 90.6279 10
      vertex -99.9211 91.2533 10
    endloop
  endfacet
  facet normal 0 0 1
    outer loop
      vertex -99.9803 90.6279 10
      vertex -100 100 10
      vertex -100 90 10
    endloop
  endfacet
  facet normal 0 0 1
    outer loop
      vertex 80.9517 85.7422 10
      vertex -80.9517 85.7422 10
      vertex 81.2369 85.1825 10
    endloop
  endfacet
  facet normal 0 0 1
    outer loop
      vertex 82.7103 -83.1545 10
      vertex -80.0197 -89.3721 10
      vertex -80 -90 10
    endloop
  endfacet
  facet normal 0 0 1
    outer loop
      vertex -81.2369 85.1825 10
      vertex 81.2369 85.1825 10
      vertex -80.9517 85.7422 10
    endloop
  endfacet
  facet normal 0 0 1
    outer loop
      vertex 82.7103 -83.1545 10
      vertex -80.0788 -88.7467 10
      vertex -80.0197 -89.3721 10
    endloop
  endfacet
  facet normal 0 0 1
    outer loop
      vertex 81.2369 85.1825 10
      vertex -81.2369 85.1825 10
      vertex 81.5567 84.6417 10
    endloop
  endfacet
  facet normal 0 0 1
    outer loop
      vertex 82.7103 -83.1545 10
      vertex -80.1771 -88.1262 10
      vertex -80.0788 -88.7467 10
    endloop
  endfacet
  facet normal 0 0 1
    outer loop
      vertex -81.5567 84.6417 10
      vertex 81.5567 84.6417 10
      vertex -81.2369 85.1825 10
    endloop
  endfacet
  facet normal 0 0 1
    outer loop
      vertex 82.7103 -83.1545 10
      vertex -80.3142 -87.5131 10
      vertex -80.1771 -88.1262 10
    endloop
  endfacet
  facet normal 0 0 1
    outer loop
      vertex 81.5567 84.6417 10
      vertex -81.5567 84.6417 10
      vertex 81.9098 84.1221 10
    endloop
  endfacet
  facet normal 0 0 1
    outer loop
      vertex 82.7103 -83.1545 10
      vertex -80.4894 -86.9098 10
      vertex -80.3142 -87.5131 10
    endloop
  endfacet
  facet normal 0 0 1
    outer loop
      vertex -81.9098 84.1221 10
      vertex 81.9098 84.1221 10
      vertex -81.5567 84.6417 10
    endloop
  endfacet
  facet normal 0 0 1
    outer loop
      vertex 82.7103 -83.1545 10
      vertex -80.7022 -86.3188 10
      vertex -80.4894 -86.9098 10
    endloop
  endfacet
  facet normal 0 0 1
    outer loop
      vertex 81.9098 84.1221 10
      vertex -81.9098 84.1221 10
      vertex 82.2949 83.6258 10
    endloop
  endfacet
  facet normal 0 0 1
    outer loop
      vertex 82.7103 -83.1545 10
      vertex -80.9517 -85.7422 10
      vertex -80.7022 -86.3188 10
    endloop
  endfacet
  facet normal 0 0 1
    outer loop
      vertex -82.2949 83.6258 10
      vertex 82.2949 83.6258 10
      vertex -81.9098 84.1221 10
    endloop
  endfacet
  facet normal 0 0 1
    outer loop
      vertex 82.7103 -83.1545 10
      vertex -81.2369 -85.1825 10
      vertex -80.9517 -85.7422 10
    endloop
  endfacet
  facet normal 0 0 1
    outer loop
      vertex 82.2949 83.6258 10
      vertex -82.2949 83.6258 10
      vertex 82.7103 83.1545 10
    endloop
  endfacet
  facet normal 0 0 1
    outer loop
      vertex 82.7103 -83.1545 10
      vertex -81.5567 -84.6417 10
      vertex -81.2369 -85.1825 10
    endloop
  endfacet
  facet normal 0 0 1
    outer loop
      vertex -82.7103 83.1545 10
      vertex 82.7103 83.1545 10
      vertex -82.2949 83.6258 10
    endloop
  endfacet
  facet normal 0 0 1
    outer loop
      vertex 82.7103 -83.1545 10
      vertex -81.9098 -84.1221 10
      vertex -81.5567 -84.6417 10
    endloop
  endfacet
  facet normal 0 0 1
    outer loop
      vertex 82.7103 83.1545 10
      vertex -82.7103 83.1545 10
      vertex 82.7103 -83.1545 10
    endloop
  endfacet
  facet normal 0 0 1
    outer loop
      vertex 82.7103 -83.1545 10
      vertex -82.2949 -83.6258 10
      vertex -81.9098 -84.1221 10
    endloop
  endfacet
  facet normal 0 0 1
    outer loop
      vertex -82.7103 -83.1545 10
      vertex 82.7103 -83.1545 10
      vertex -82.7103 83.1545 10
    endloop
  endfacet
  facet normal 0 0 1
    outer loop
      vertex 82.7103 -83.1545 10
      vertex -82.7103 -83.1545 10
      vertex -82.2949 -83.6258 10
    endloop
  endfacet
  facet normal -0 0 1
    outer loop
      vertex -83.1545 82.7103 10
      vertex -82.7103 -83.1545 10
      vertex -82.7103 83.1545 10
    endloop
  endfacet
  facet normal 0 0 1
    outer loop
      vertex -83.1545 82.7103 10
      vertex -83.1545 -82.7103 10
      vertex -82.7103 -83.1545 10
    endloop
  endfacet
  facet normal -0 0 1
    outer loop
      vertex -83.6258 82.2949 10
      vertex -83.1545 -82.7103 10
      vertex -83.1545 82.7103 10
    endloop
  endfacet
  facet normal 0 0 1
    outer loop
      vertex -83.6258 82.2949 10
      vertex -83.6258 -82.2949 10
      vertex -83.1545 -82.7103 10
    endloop
  endfacet
  facet normal -0 0 1
    outer loop
      vertex -84.1221 81.9098 10
      vertex -83.6258 -82.2949 10
      vertex -83.6258 82.2949 10
    endloop
  endfacet
  facet normal 0 0 1
    outer loop
      vertex -84.1221 81.9098 10
      vertex -84.1221 -81.9098 10
      vertex -83.6258 -82.2949 10
    endloop
  endfacet
  facet normal -0 0 1
    outer loop
      vertex -84.6417 81.5567 10
      vertex -84.1221 -81.9098 10
      vertex -84.1221 81.9098 10
    endloop
  endfacet
  facet normal 0 0 1
    outer loop
      vertex -84.6417 81.5567 10
      vertex -84.6417 -81.5567 10
      vertex -84.1221 -81.9098 10
    endloop
  endfacet
  facet normal -0 0 1
    outer loop
      vertex -85.1825 81.2369 10
      vertex -84.6417 -81.5567 10
      vertex -84.6417 81.5567 10
    endloop
  endfacet
  facet normal 0 0 1
    outer loop
      vertex -85.1825 81.2369 10
      vertex -85.1825 -81.2369 10
      vertex -84.6417 -81.5567 10
    endloop
  endfacet
  facet normal -0 0 1
    outer loop
      vertex -85.7422 80.9517 10
      vertex -85.1825 -81.2369 10
      vertex -85.1825 81.2369 10
    endloop
  endfacet
  facet normal 0 0 1
    outer loop
      vertex -85.7422 80.9517 10
      vertex -85.7422 -80.9517 10
      vertex -85.1825 -81.2369 10
    endloop
  endfacet
  facet normal -0 0 1
    outer loop
      vertex -86.3188 80.7022 10
      vertex -85.7422 -80.9517 10
      vertex -85.7422 80.9517 10
    endloop
  endfacet
  facet normal 0 0 1
    outer loop
      vertex -86.3188 80.7022 10
      vertex -86.3188 -80.7022 10
      vertex -85.7422 -80.9517 10
    endloop
  endfacet
  facet normal -0 0 1
    outer loop
      vertex -86.9098 80.4894 10
      vertex -86.3188 -80.7022 10
      vertex -86.3188 80.7022 10
    endloop
  endfacet
  facet normal 0 0 1
    outer loop
      vertex -86.9098 80.4894 10
      vertex -86.9098 -80.4894 10
      vertex -86.3188 -80.7022 10
    endloop
  endfacet
  facet normal -0 0 1
    outer loop
      vertex -87.5131 80.3142 10
      vertex -86.9098 -80.4894 10
      vertex -86.9098 80.4894 10
    endloop
  endfacet
  facet normal 0 0 1
    outer loop
      vertex -87.5131 80.3142 10
      vertex -87.5131 -80.3142 10
      vertex -86.9098 -80.4894 10
    endloop
  endfacet
  facet normal -0 0 1
    outer loop
      vertex -88.1262 80.1771 10
      vertex -87.5131 -80.3142 10
      vertex -87.5131 80.3142 10
    endloop
  endfacet
  facet normal 0 0 1
    outer loop
      vertex -88.1262 80.1771 10
      vertex -88.1262 -80.1771 10
      vertex -87.5131 -80.3142 10
    endloop
  endfacet
  facet normal -0 0 1
    outer loop
      vertex -88.7467 80.0788 10
      vertex -88.1262 -80.1771 10
      vertex -88.1262 80.1771 10
    endloop
  endfacet
  facet normal 0 0 1
    outer loop
      vertex -88.7467 80.0788 10
      vertex -88.7467 -80.0788 10
      vertex -88.1262 -80.1771 10
    endloop
  endfacet
  facet normal -0 0 1
    outer loop
      vertex -89.3721 80.0197 10
      vertex -88.7467 -80.0788 10
      vertex -88.7467 80.0788 10
    endloop
  endfacet
  facet normal 0 0 1
    outer loop
      vertex -89.3721 80.0197 10
      vertex -89.3721 -80.0197 10
      vertex -88.7467 -80.0788 10
    endloop
  endfacet
  facet normal -0 0 1
    outer loop
      vertex -90 80 10
      vertex -89.3721 -80.0197 10
      vertex -89.3721 80.0197 10
    endloop
  endfacet
  facet normal 0 0 1
    outer loop
      vertex -90 80 10
      vertex -90 -80 10
      vertex -89.3721 -80.0197 10
    endloop
  endfacet
  facet normal 0 0 1
    outer loop
      vertex -90.6279 80.0197 10
      vertex -90 -80 10
      vertex -90 80 10
    endloop
  endfacet
  facet normal 0 0 1
    outer loop
      vertex -90.6279 80.0197 10
      vertex -90.6279 -80.0197 10
      vertex -90 -80 10
    endloop
  endfacet
  facet normal 0 0 1
    outer loop
      vertex -91.2533 80.0788 10
      vertex -90.6279 -80.0197 10
      vertex -90.6279 80.0197 10
    endloop
  endfacet
  facet normal 0 0 1
    outer loop
      vertex -91.2533 80.0788 10
      vertex -91.2533 -80.0788 10
      vertex -90.6279 -80.0197 10
    endloop
  endfacet
  facet normal 0 0 1
    outer loop
      vertex -91.8738 80.1771 10
      vertex -91.2533 -80.0788 10
      vertex -91.2533 80.0788 10
    endloop
  endfacet
  facet normal 0 0 1
    outer loop
      vertex -91.8738 80.1771 10
      vertex -91.8738 -80.1771 10
      vertex -91.2533 -80.0788 10
    endloop
  endfacet
  facet normal 0 0 1
    outer loop
      vertex -92.4869 80.3142 10
      vertex -91.8738 -80.1771 10
      vertex -91.8738 80.1771 10
    endloop
  endfacet
  facet normal 0 0 1
    outer loop
      vertex -92.4869 80.3142 10
      vertex -92.4869 -80.3142 10
      vertex -91.8738 -80.1771 10
    endloop
  endfacet
  facet normal 0 0 1
    outer loop
      vertex -93.0902 80.4894 10
      vertex -92.4869 -80.3142 10
      vertex -92.4869 80.3142 10
    endloop
  endfacet
  facet normal 0 0 1
    outer loop
      vertex -93.0902 80.4894 10
      vertex -93.0902 -80.4894 10
      vertex -92.4869 -80.3142 10
    endloop
  endfacet
  facet normal 0 0 1
    outer loop
      vertex -93.6812 80.7022 10
      vertex -93.0902 -80.4894 10
      vertex -93.0902 80.4894 10
    endloop
  endfacet
  facet normal 0 0 1
    outer loop
      vertex -93.6812 80.7022 10
      vertex -93.6812 -80.7022 10
      vertex -93.0902 -80.4894 10
    endloop
  endfacet
  facet normal 0 0 1
    outer loop
      vertex -94.2578 80.9517 10
      vertex -93.6812 -80.7022 10
      vertex -93.6812 80.7022 10
    endloop
  endfacet
  facet normal 0 0 1
    outer loop
      vertex -94.2578 80.9517 10
      vertex -94.2578 -80.9517 10
      vertex -93.6812 -80.7022 10
    endloop
  endfacet
  facet normal 0 0 1
    outer loop
      vertex -94.8175 81.2369 10
      vertex -94.2578 -80.9517 10
      vertex -94.2578 80.9517 10
    endloop
  endfacet
  facet normal 0 0 1
    outer loop
      vertex -94.8175 81.2369 10
      vertex -94.8175 -81.2369 10
      vertex -94.2578 -80.9517 10
    endloop
  endfacet
  facet normal 0 0 1
    outer loop
      vertex -95.3583 81.5567 10
      vertex -94.8175 -81.2369 10
      vertex -94.8175 81.2369 10
    endloop
  endfacet
  facet normal 0 0 1
    outer loop
      vertex -95.3583 81.5567 10
      vertex -95.3583 -81.5567 10
      vertex -94.8175 -81.2369 10
    endloop
  endfacet
  facet normal 0 0 1
    outer loop
      vertex -95.8779 81.9098 10
      vertex -95.3583 -81.5567 10
      vertex -95.3583 81.5567 10
    endloop
  endfacet
  facet normal 0 0 1
    outer loop
      vertex -95.8779 81.9098 10
      vertex -95.8779 -81.9098 10
      vertex -95.3583 -81.5567 10
    endloop
  endfacet
  facet normal 0 0 1
    outer loop
      vertex -96.3742 82.2949 10
      vertex -95.8779 -81.9098 10
      vertex -95.8779 81.9098 10
    endloop
  endfacet
  facet normal 0 0 1
    outer loop
      vertex -96.3742 82.2949 10
      vertex -96.3742 -82.2949 10
      vertex -95.8779 -81.9098 10
    endloop
  endfacet
  facet normal 0 0 1
    outer loop
      vertex -96.8455 82.7103 10
      vertex -96.3742 -82.2949 10
      vertex -96.3742 82.2949 10
    endloop
  endfacet
  facet normal 0 0 1
    outer loop
      vertex -96.8455 82.7103 10
      vertex -96.8455 -82.7103 10
      vertex -96.3742 -82.2949 10
    endloop
  endfacet
  facet normal 0 0 1
    outer loop
      vertex -97.2897 83.1545 10
      vertex -96.8455 -82.7103 10
      vertex -96.8455 82.7103 10
    endloop
  endfacet
  facet normal 0 0 1
    outer loop
      vertex -97.2897 83.1545 10
      vertex -97.2897 -83.1545 10
      vertex -96.8455 -82.7103 10
    endloop
  endfacet
  facet normal 0 0 1
    outer loop
      vertex -97.7051 83.6258 10
      vertex -97.2897 -83.1545 10
      vertex -97.2897 83.1545 10
    endloop
  endfacet
  facet normal 0 0 1
    outer loop
      vertex -97.7051 83.6258 10
      vertex -97.7051 -83.6258 10
      vertex -97.2897 -83.1545 10
    endloop
  endfacet
  facet normal 0 0 1
    outer loop
      vertex -98.0902 84.1221 10
      vertex -97.7051 -83.6258 10
      vertex -97.7051 83.6258 10
    endloop
  endfacet
  facet normal 0 0 1
    outer loop
      vertex -98.0902 84.1221 10
      vertex -98.0902 -84.1221 10
      vertex -97.7051 -83.6258 10
    endloop
  endfacet
  facet normal 0 0 1
    outer loop
      vertex -98.4433 84.6417 10
      vertex -98.0902 -84.1221 10
      vertex -98.0902 84.1221 10
    endloop
  endfacet
  facet normal 0 0 1
    outer loop
      vertex -98.4433 84.6417 10
      vertex -98.4433 -84.6417 10
      vertex -98.0902 -84.1221 10
    endloop
  endfacet
  facet normal 0 0 1
    outer loop
      vertex -98.7631 85.1825 10
      vertex -98.4433 -84.6417 10
      vertex -98.4433 84.6417 10
    endloop
  endfacet
  facet normal 0 0 1
    outer loop
      vertex -98.7631 85.1825 10
      vertex -98.7631 -85.1825 10
      vertex -98.4433 -84.6417 10
    endloop
  endfacet
  facet normal 0 0 1
    outer loop
      vertex -99.0483 85.7422 10
      vertex -98.7631 -85.1825 10
      vertex -98.7631 85.1825 10
    endloop
  endfacet
  facet normal 0 0 1
    outer loop
      vertex -99.0483 85.7422 10
      vertex -99.0483 -85.7422 10
      vertex -98.7631 -85.1825 10
    endloop
  endfacet
  facet normal 0 0 1
    outer loop
      vertex -99.2978 86.3188 10
      vertex -99.0483 -85.7422 10
      vertex -99.0483 85.7422 10
    endloop
  endfacet
  facet normal 0 0 1
    outer loop
      vertex -99.2978 86.3188 10
      vertex -99.2978 -86.3188 10
      vertex -99.0483 -85.7422 10
    endloop
  endfacet
  facet normal 0 0 1
    outer loop
      vertex -99.5106 86.9098 10
      vertex -99.2978 -86.3188 10
      vertex -99.2978 86.3188 10
    endloop
  endfacet
  facet normal 0 0 1
    outer loop
      vertex -99.5106 86.9098 10
      vertex -99.5106 -86.9098 10
      vertex -99.2978 -86.3188 10
    endloop
  endfacet
  facet normal 0 0 1
    outer loop
      vertex -99.6858 87.5131 10
      vertex -99.5106 -86.9098 10
      vertex -99.5106 86.9098 10
    endloop
  endfacet
  facet normal 0 0 1
    outer loop
      vertex -99.6858 87.5131 10
      vertex -99.6858 -87.5131 10
      vertex -99.5106 -86.9098 10
    endloop
  endfacet
  facet normal 0 0 1
    outer loop
      vertex -99.8229 88.1262 10
      vertex -99.6858 -87.5131 10
      vertex -99.6858 87.5131 10
    endloop
  endfacet
  facet normal 0 0 1
    outer loop
      vertex -99.8229 88.1262 10
      vertex -99.8229 -88.1262 10
      vertex -99.6858 -87.5131 10
    endloop
  endfacet
  facet normal 0 0 1
    outer loop
      vertex -99.9211 88.7467 10
      vertex -99.8229 -88.1262 10
      vertex -99.8229 88.1262 10
    endloop
  endfacet
  facet normal 0 0 1
    outer loop
      vertex -99.9211 88.7467 10
      vertex -99.9211 -88.7467 10
      vertex -99.8229 -88.1262 10
    endloop
  endfacet
  facet normal 0 0 1
    outer loop
      vertex -99.9803 89.3721 10
      vertex -99.9211 -88.7467 10
      vertex -99.9211 88.7467 10
    endloop
  endfacet
  facet normal 0 0 1
    outer loop
      vertex -99.9803 89.3721 10
      vertex -99.9803 -89.3721 10
      vertex -99.9211 -88.7467 10
    endloop
  endfacet
  facet normal 0 0 1
    outer loop
      vertex -100 90 10
      vertex -99.9803 -89.3721 10
      vertex -99.9803 89.3721 10
    endloop
  endfacet
  facet normal 0 0 1
    outer loop
      vertex -99.9803 -89.3721 10
      vertex -100 90 10
      vertex -100 -90 10
    endloop
  endfacet
  facet normal 0 0 1
    outer loop
      vertex 80.0788 -88.7467 10
      vertex -80 -90 10
      vertex 80.0197 -89.3721 10
    endloop
  endfacet
  facet normal 0 0 1
    outer loop
      vertex 80.0197 90.6279 10
      vertex -80 90 10
      vertex 80 90 10
    endloop
  endfacet
  facet normal 0 0 1
    outer loop
      vertex -80.0197 90.6279 10
      vertex 80.0197 90.6279 10
      vertex 80.0788 91.2533 10
    endloop
  endfacet
  facet normal 0 0 1
    outer loop
      vertex -80.0788 91.2533 10
      vertex 80.0788 91.2533 10
      vertex 80.1771 91.8738 10
    endloop
  endfacet
  facet normal 0 0 1
    outer loop
      vertex -80.1771 91.8738 10
      vertex 80.1771 91.8738 10
      vertex 80.3142 92.4869 10
    endloop
  endfacet
  facet normal 0 0 1
    outer loop
      vertex -80.3142 92.4869 10
      vertex 80.3142 92.4869 10
      vertex 80.4894 93.0902 10
    endloop
  endfacet
  facet normal 0 0 1
    outer loop
      vertex -80.4894 93.0902 10
      vertex 80.4894 93.0902 10
      vertex 80.7022 93.6812 10
    endloop
  endfacet
  facet normal 0 0 1
    outer loop
      vertex -80.7022 93.6812 10
      vertex 80.7022 93.6812 10
      vertex 80.9517 94.2578 10
    endloop
  endfacet
  facet normal 0 0 1
    outer loop
      vertex -80.9517 94.2578 10
      vertex 80.9517 94.2578 10
      vertex 81.2369 94.8175 10
    endloop
  endfacet
  facet normal 0 0 1
    outer loop
      vertex -81.2369 94.8175 10
      vertex 81.2369 94.8175 10
      vertex 81.5567 95.3583 10
    endloop
  endfacet
  facet normal 0 0 1
    outer loop
      vertex -81.5567 95.3583 10
      vertex 81.5567 95.3583 10
      vertex 81.9098 95.8779 10
    endloop
  endfacet
  facet normal 0 0 1
    outer loop
      vertex -81.9098 95.8779 10
      vertex 81.9098 95.8779 10
      vertex 82.2949 96.3742 10
    endloop
  endfacet
  facet normal 0 0 1
    outer loop
      vertex -82.2949 96.3742 10
      vertex 82.2949 96.3742 10
      vertex 82.7103 96.8455 10
    endloop
  endfacet
  facet normal 0 0 1
    outer loop
      vertex -82.7103 96.8455 10
      vertex 82.7103 96.8455 10
      vertex 83.1545 97.2897 10
    endloop
  endfacet
  facet normal 0 0 1
    outer loop
      vertex -83.1545 97.2897 10
      vertex 83.1545 97.2897 10
      vertex 83.6258 97.7051 10
    endloop
  endfacet
  facet normal 0 0 1
    outer loop
      vertex -83.6258 97.7051 10
      vertex 83.6258 97.7051 10
      vertex 84.1221 98.0902 10
    endloop
  endfacet
  facet normal 0 0 1
    outer loop
      vertex -84.1221 98.0902 10
      vertex 84.1221 98.0902 10
      vertex 84.6417 98.4433 10
    endloop
  endfacet
  facet normal 0 0 1
    outer loop
      vertex -84.6417 98.4433 10
      vertex 84.6417 98.4433 10
      vertex 85.1825 98.7631 10
    endloop
  endfacet
  facet normal 0 0 1
    outer loop
      vertex -85.1825 98.7631 10
      vertex 85.1825 98.7631 10
      vertex 85.7422 99.0483 10
    endloop
  endfacet
  facet normal 0 0 1
    outer loop
      vertex -85.7422 99.0483 10
      vertex 85.7422 99.0483 10
      vertex 86.3188 99.2978 10
    endloop
  endfacet
  facet normal 0 0 1
    outer loop
      vertex -86.3188 99.2978 10
      vertex 86.3188 99.2978 10
      vertex 86.9098 99.5106 10
    endloop
  endfacet
  facet normal 0 0 1
    outer loop
      vertex -86.9098 99.5106 10
      vertex 86.9098 99.5106 10
      vertex 87.5131 99.6858 10
    endloop
  endfacet
  facet normal 0 0 1
    outer loop
      vertex -87.5131 99.6858 10
      vertex 87.5131 99.6858 10
      vertex 88.1262 99.8229 10
    endloop
  endfacet
  facet normal 0 0 1
    outer loop
      vertex -88.1262 99.8229 10
      vertex 88.1262 99.8229 10
      vertex 88.7467 99.9211 10
    endloop
  endfacet
  facet normal 0 0 1
    outer loop
      vertex -88.7467 99.9211 10
      vertex 88.7467 99.9211 10
      vertex 89.3721 99.9803 10
    endloop
  endfacet
  facet normal 0 0 1
    outer loop
      vertex 80.0197 90.6279 10
      vertex -80.0197 90.6279 10
      vertex -80 90 10
    endloop
  endfacet
  facet normal 0 0 1
    outer loop
      vertex 80.0788 91.2533 10
      vertex -80.0788 91.2533 10
      vertex -80.0197 90.6279 10
    endloop
  endfacet
  facet normal 0 0 1
    outer loop
      vertex 80.1771 91.8738 10
      vertex -80.1771 91.8738 10
      vertex -80.0788 91.2533 10
    endloop
  endfacet
  facet normal 0 0 1
    outer loop
      vertex 80.3142 92.4869 10
      vertex -80.3142 92.4869 10
      vertex -80.1771 91.8738 10
    endloop
  endfacet
  facet normal 0 0 1
    outer loop
      vertex 80.4894 93.0902 10
      vertex -80.4894 93.0902 10
      vertex -80.3142 92.4869 10
    endloop
  endfacet
  facet normal 0 0 1
    outer loop
      vertex 80.7022 93.6812 10
      vertex -80.7022 93.6812 10
      vertex -80.4894 93.0902 10
    endloop
  endfacet
  facet normal 0 0 1
    outer loop
      vertex 80.9517 94.2578 10
      vertex -80.9517 94.2578 10
      vertex -80.7022 93.6812 10
    endloop
  endfacet
  facet normal 0 0 1
    outer loop
      vertex 81.2369 94.8175 10
      vertex -81.2369 94.8175 10
      vertex -80.9517 94.2578 10
    endloop
  endfacet
  facet normal 0 0 1
    outer loop
      vertex -89.3721 99.9803 10
      vertex 89.3721 99.9803 10
      vertex 90 100 10
    endloop
  endfacet
  facet normal 0 0 1
    outer loop
      vertex 81.5567 95.3583 10
      vertex -81.5567 95.3583 10
      vertex -81.2369 94.8175 10
    endloop
  endfacet
  facet normal 0 0 1
    outer loop
      vertex 81.9098 95.8779 10
      vertex -81.9098 95.8779 10
      vertex -81.5567 95.3583 10
    endloop
  endfacet
  facet normal 0 0 1
    outer loop
      vertex 82.2949 96.3742 10
      vertex -82.2949 96.3742 10
      vertex -81.9098 95.8779 10
    endloop
  endfacet
  facet normal 0 0 1
    outer loop
      vertex 82.7103 96.8455 10
      vertex -82.7103 96.8455 10
      vertex -82.2949 96.3742 10
    endloop
  endfacet
  facet normal 0 0 1
    outer loop
      vertex 83.1545 97.2897 10
      vertex -83.1545 97.2897 10
      vertex -82.7103 96.8455 10
    endloop
  endfacet
  facet normal 0 0 1
    outer loop
      vertex 83.6258 97.7051 10
      vertex -83.6258 97.7051 10
      vertex -83.1545 97.2897 10
    endloop
  endfacet
  facet normal 0 0 1
    outer loop
      vertex 84.1221 98.0902 10
      vertex -84.1221 98.0902 10
      vertex -83.6258 97.7051 10
    endloop
  endfacet
  facet normal 0 0 1
    outer loop
      vertex 84.6417 98.4433 10
      vertex -84.6417 98.4433 10
      vertex -84.1221 98.0902 10
    endloop
  endfacet
  facet normal 0 0 1
    outer loop
      vertex 85.1825 98.7631 10
      vertex -85.1825 98.7631 10
      vertex -84.6417 98.4433 10
    endloop
  endfacet
  facet normal 0 0 1
    outer loop
      vertex 85.7422 99.0483 10
      vertex -85.7422 99.0483 10
      vertex -85.1825 98.7631 10
    endloop
  endfacet
  facet normal 0 0 1
    outer loop
      vertex 86.3188 99.2978 10
      vertex -86.3188 99.2978 10
      vertex -85.7422 99.0483 10
    endloop
  endfacet
  facet normal 0 0 1
    outer loop
      vertex 86.9098 99.5106 10
      vertex -86.9098 99.5106 10
      vertex -86.3188 99.2978 10
    endloop
  endfacet
  facet normal 0 0 1
    outer loop
      vertex 87.5131 99.6858 10
      vertex -87.5131 99.6858 10
      vertex -86.9098 99.5106 10
    endloop
  endfacet
  facet normal 0 0 1
    outer loop
      vertex 88.1262 99.8229 10
      vertex -88.1262 99.8229 10
      vertex -87.5131 99.6858 10
    endloop
  endfacet
  facet normal 0 0 1
    outer loop
      vertex 88.7467 99.9211 10
      vertex -88.7467 99.9211 10
      vertex -88.1262 99.8229 10
    endloop
  endfacet
  facet normal 0 0 1
    outer loop
      vertex 89.3721 99.9803 10
      vertex -89.3721 99.9803 10
      vertex -88.7467 99.9211 10
    endloop
  endfacet
  facet normal 0 -0 1
    outer loop
      vertex -89.3721 99.9803 10
      vertex 90 100 10
      vertex -90 100 10
    endloop
  endfacet
  facet normal -0 0 1
    outer loop
      vertex 99.9803 89.3721 10
      vertex 100 -90 10
      vertex 100 90 10
    endloop
  endfacet
  facet normal 0 0 1
    outer loop
      vertex 99.9803 89.3721 10
      vertex 99.9803 -89.3721 10
      vertex 100 -90 10
    endloop
  endfacet
  facet normal -0 0 1
    outer loop
      vertex 99.9211 88.7467 10
      vertex 99.9803 -89.3721 10
      vertex 99.9803 89.3721 10
    endloop
  endfacet
  facet normal 0 0 1
    outer loop
      vertex 99.9211 88.7467 10
      vertex 99.9211 -88.7467 10
      vertex 99.9803 -89.3721 10
    endloop
  endfacet
  facet normal -0 0 1
    outer loop
      vertex 99.8229 88.1262 10
      vertex 99.9211 -88.7467 10
      vertex 99.9211 88.7467 10
    endloop
  endfacet
  facet normal 0 0 1
    outer loop
      vertex 99.8229 88.1262 10
      vertex 99.8229 -88.1262 10
      vertex 99.9211 -88.7467 10
    endloop
  endfacet
  facet normal -0 0 1
    outer loop
      vertex 99.6858 87.5131 10
      vertex 99.8229 -88.1262 10
      vertex 99.8229 88.1262 10
    endloop
  endfacet
  facet normal 0 0 1
    outer loop
      vertex 99.6858 87.5131 10
      vertex 99.6858 -87.5131 10
      vertex 99.8229 -88.1262 10
    endloop
  endfacet
  facet normal -0 0 1
    outer loop
      vertex 99.5106 86.9098 10
      vertex 99.6858 -87.5131 10
      vertex 99.6858 87.5131 10
    endloop
  endfacet
  facet normal 0 0 1
    outer loop
      vertex 99.5106 86.9098 10
      vertex 99.5106 -86.9098 10
      vertex 99.6858 -87.5131 10
    endloop
  endfacet
  facet normal -0 0 1
    outer loop
      vertex 99.2978 86.3188 10
      vertex 99.5106 -86.9098 10
      vertex 99.5106 86.9098 10
    endloop
  endfacet
  facet normal 0 0 1
    outer loop
      vertex 99.2978 86.3188 10
      vertex 99.2978 -86.3188 10
      vertex 99.5106 -86.9098 10
    endloop
  endfacet
  facet normal -0 0 1
    outer loop
      vertex 99.0483 85.7422 10
      vertex 99.2978 -86.3188 10
      vertex 99.2978 86.3188 10
    endloop
  endfacet
  facet normal 0 0 1
    outer loop
      vertex 99.0483 85.7422 10
      vertex 99.0483 -85.7422 10
      vertex 99.2978 -86.3188 10
    endloop
  endfacet
  facet normal -0 0 1
    outer loop
      vertex 98.7631 85.1825 10
      vertex 99.0483 -85.7422 10
      vertex 99.0483 85.7422 10
    endloop
  endfacet
  facet normal 0 0 1
    outer loop
      vertex 98.7631 85.1825 10
      vertex 98.7631 -85.1825 10
      vertex 99.0483 -85.7422 10
    endloop
  endfacet
  facet normal -0 0 1
    outer loop
      vertex 98.4433 84.6417 10
      vertex 98.7631 -85.1825 10
      vertex 98.7631 85.1825 10
    endloop
  endfacet
  facet normal 0 0 1
    outer loop
      vertex 98.4433 84.6417 10
      vertex 98.4433 -84.6417 10
      vertex 98.7631 -85.1825 10
    endloop
  endfacet
  facet normal -0 0 1
    outer loop
      vertex 98.0902 84.1221 10
      vertex 98.4433 -84.6417 10
      vertex 98.4433 84.6417 10
    endloop
  endfacet
  facet normal 0 0 1
    outer loop
      vertex 98.0902 84.1221 10
      vertex 98.0902 -84.1221 10
      vertex 98.4433 -84.6417 10
    endloop
  endfacet
  facet normal -0 0 1
    outer loop
      vertex 97.7051 83.6258 10
      vertex 98.0902 -84.1221 10
      vertex 98.0902 84.1221 10
    endloop
  endfacet
  facet normal 0 0 1
    outer loop
      vertex 97.7051 83.6258 10
      vertex 97.7051 -83.6258 10
      vertex 98.0902 -84.1221 10
    endloop
  endfacet
  facet normal -0 0 1
    outer loop
      vertex 97.2897 83.1545 10
      vertex 97.7051 -83.6258 10
      vertex 97.7051 83.6258 10
    endloop
  endfacet
  facet normal 0 0 1
    outer loop
      vertex 97.2897 83.1545 10
      vertex 97.2897 -83.1545 10
      vertex 97.7051 -83.6258 10
    endloop
  endfacet
  facet normal -0 0 1
    outer loop
      vertex 96.8455 82.7103 10
      vertex 97.2897 -83.1545 10
      vertex 97.2897 83.1545 10
    endloop
  endfacet
  facet normal 0 0 1
    outer loop
      vertex 96.8455 82.7103 10
      vertex 96.8455 -82.7103 10
      vertex 97.2897 -83.1545 10
    endloop
  endfacet
  facet normal -0 0 1
    outer loop
      vertex 96.3742 82.2949 10
      vertex 96.8455 -82.7103 10
      vertex 96.8455 82.7103 10
    endloop
  endfacet
  facet normal 0 0 1
    outer loop
      vertex 96.3742 82.2949 10
      vertex 96.3742 -82.2949 10
      vertex 96.8455 -82.7103 10
    endloop
  endfacet
  facet normal -0 0 1
    outer loop
      vertex 95.8779 81.9098 10
      vertex 96.3742 -82.2949 10
      vertex 96.3742 82.2949 10
    endloop
  endfacet
  facet normal 0 0 1
    outer loop
      vertex 95.8779 81.9098 10
      vertex 95.8779 -81.9098 10
      vertex 96.3742 -82.2949 10
    endloop
  endfacet
  facet normal -0 0 1
    outer loop
      vertex 95.3583 81.5567 10
      vertex 95.8779 -81.9098 10
      vertex 95.8779 81.9098 10
    endloop
  endfacet
  facet normal 0 0 1
    outer loop
      vertex 95.3583 81.5567 10
      vertex 95.3583 -81.5567 10
      vertex 95.8779 -81.9098 10
    endloop
  endfacet
  facet normal -0 0 1
    outer loop
      vertex 94.8175 81.2369 10
      vertex 95.3583 -81.5567 10
      vertex 95.3583 81.5567 10
    endloop
  endfacet
  facet normal 0 0 1
    outer loop
      vertex 94.8175 81.2369 10
      vertex 94.8175 -81.2369 10
      vertex 95.3583 -81.5567 10
    endloop
  endfacet
  facet normal -0 0 1
    outer loop
      vertex 94.2578 80.9517 10
      vertex 94.8175 -81.2369 10
      vertex 94.8175 81.2369 10
    endloop
  endfacet
  facet normal 0 0 1
    outer loop
      vertex 94.2578 80.9517 10
      vertex 94.2578 -80.9517 10
      vertex 94.8175 -81.2369 10
    endloop
  endfacet
  facet normal -0 0 1
    outer loop
      vertex 93.6812 80.7022 10
      vertex 94.2578 -80.9517 10
      vertex 94.2578 80.9517 10
    endloop
  endfacet
  facet normal 0 0 1
    outer loop
      vertex 93.6812 80.7022 10
      vertex 93.6812 -80.7022 10
      vertex 94.2578 -80.9517 10
    endloop
  endfacet
  facet normal -0 0 1
    outer loop
      vertex 93.0902 80.4894 10
      vertex 93.6812 -80.7022 10
      vertex 93.6812 80.7022 10
    endloop
  endfacet
  facet normal 0 0 1
    outer loop
      vertex 93.0902 80.4894 10
      vertex 93.0902 -80.4894 10
      vertex 93.6812 -80.7022 10
    endloop
  endfacet
  facet normal -0 0 1
    outer loop
      vertex 92.4869 80.3142 10
      vertex 93.0902 -80.4894 10
      vertex 93.0902 80.4894 10
    endloop
  endfacet
  facet normal 0 0 1
    outer loop
      vertex 92.4869 80.3142 10
      vertex 92.4869 -80.3142 10
      vertex 93.0902 -80.4894 10
    endloop
  endfacet
  facet normal -0 0 1
    outer loop
      vertex 91.8738 80.1771 10
      vertex 92.4869 -80.3142 10
      vertex 92.4869 80.3142 10
    endloop
  endfacet
  facet normal 0 0 1
    outer loop
      vertex 91.8738 80.1771 10
      vertex 91.8738 -80.1771 10
      vertex 92.4869 -80.3142 10
    endloop
  endfacet
  facet normal -0 0 1
    outer loop
      vertex 91.2533 80.0788 10
      vertex 91.8738 -80.1771 10
      vertex 91.8738 80.1771 10
    endloop
  endfacet
  facet normal 0 0 1
    outer loop
      vertex 91.2533 80.0788 10
      vertex 91.2533 -80.0788 10
      vertex 91.8738 -80.1771 10
    endloop
  endfacet
  facet normal -0 0 1
    outer loop
      vertex 90.6279 80.0197 10
      vertex 91.2533 -80.0788 10
      vertex 91.2533 80.0788 10
    endloop
  endfacet
  facet normal 0 0 1
    outer loop
      vertex 90.6279 80.0197 10
      vertex 90.6279 -80.0197 10
      vertex 91.2533 -80.0788 10
    endloop
  endfacet
  facet normal -0 0 1
    outer loop
      vertex 90 80 10
      vertex 90.6279 -80.0197 10
      vertex 90.6279 80.0197 10
    endloop
  endfacet
  facet normal 0 0 1
    outer loop
      vertex 90 80 10
      vertex 90 -80 10
      vertex 90.6279 -80.0197 10
    endloop
  endfacet
  facet normal 0 0 1
    outer loop
      vertex 89.3721 80.0197 10
      vertex 90 -80 10
      vertex 90 80 10
    endloop
  endfacet
  facet normal 0 0 1
    outer loop
      vertex 89.3721 80.0197 10
      vertex 89.3721 -80.0197 10
      vertex 90 -80 10
    endloop
  endfacet
  facet normal 0 0 1
    outer loop
      vertex 88.7467 80.0788 10
      vertex 89.3721 -80.0197 10
      vertex 89.3721 80.0197 10
    endloop
  endfacet
  facet normal 0 0 1
    outer loop
      vertex 88.7467 80.0788 10
      vertex 88.7467 -80.0788 10
      vertex 89.3721 -80.0197 10
    endloop
  endfacet
  facet normal 0 0 1
    outer loop
      vertex 88.1262 80.1771 10
      vertex 88.7467 -80.0788 10
      vertex 88.7467 80.0788 10
    endloop
  endfacet
  facet normal 0 0 1
    outer loop
      vertex 88.1262 80.1771 10
      vertex 88.1262 -80.1771 10
      vertex 88.7467 -80.0788 10
    endloop
  endfacet
  facet normal 0 0 1
    outer loop
      vertex 87.5131 80.3142 10
      vertex 88.1262 -80.1771 10
      vertex 88.1262 80.1771 10
    endloop
  endfacet
  facet normal 0 0 1
    outer loop
      vertex 87.5131 80.3142 10
      vertex 87.5131 -80.3142 10
      vertex 88.1262 -80.1771 10
    endloop
  endfacet
  facet normal 0 0 1
    outer loop
      vertex 86.9098 80.4894 10
      vertex 87.5131 -80.3142 10
      vertex 87.5131 80.3142 10
    endloop
  endfacet
  facet normal 0 0 1
    outer loop
      vertex 86.9098 80.4894 10
      vertex 86.9098 -80.4894 10
      vertex 87.5131 -80.3142 10
    endloop
  endfacet
  facet normal 0 0 1
    outer loop
      vertex 86.3188 80.7022 10
      vertex 86.9098 -80.4894 10
      vertex 86.9098 80.4894 10
    endloop
  endfacet
  facet normal 0 0 1
    outer loop
      vertex 86.3188 80.7022 10
      vertex 86.3188 -80.7022 10
      vertex 86.9098 -80.4894 10
    endloop
  endfacet
  facet normal 0 0 1
    outer loop
      vertex 85.7422 80.9517 10
      vertex 86.3188 -80.7022 10
      vertex 86.3188 80.7022 10
    endloop
  endfacet
  facet normal 0 0 1
    outer loop
      vertex 85.7422 80.9517 10
      vertex 85.7422 -80.9517 10
      vertex 86.3188 -80.7022 10
    endloop
  endfacet
  facet normal 0 0 1
    outer loop
      vertex 85.1825 81.2369 10
      vertex 85.7422 -80.9517 10
      vertex 85.7422 80.9517 10
    endloop
  endfacet
  facet normal 0 0 1
    outer loop
      vertex 85.1825 81.2369 10
      vertex 85.1825 -81.2369 10
      vertex 85.7422 -80.9517 10
    endloop
  endfacet
  facet normal 0 0 1
    outer loop
      vertex 84.6417 81.5567 10
      vertex 85.1825 -81.2369 10
      vertex 85.1825 81.2369 10
    endloop
  endfacet
  facet normal 0 0 1
    outer loop
      vertex 84.6417 81.5567 10
      vertex 84.6417 -81.5567 10
      vertex 85.1825 -81.2369 10
    endloop
  endfacet
  facet normal 0 0 1
    outer loop
      vertex 84.1221 81.9098 10
      vertex 84.6417 -81.5567 10
      vertex 84.6417 81.5567 10
    endloop
  endfacet
  facet normal 0 0 1
    outer loop
      vertex 84.1221 81.9098 10
      vertex 84.1221 -81.9098 10
      vertex 84.6417 -81.5567 10
    endloop
  endfacet
  facet normal 0 0 1
    outer loop
      vertex 83.6258 82.2949 10
      vertex 84.1221 -81.9098 10
      vertex 84.1221 81.9098 10
    endloop
  endfacet
  facet normal 0 0 1
    outer loop
      vertex 83.6258 82.2949 10
      vertex 83.6258 -82.2949 10
      vertex 84.1221 -81.9098 10
    endloop
  endfacet
  facet normal 0 0 1
    outer loop
      vertex 83.1545 82.7103 10
      vertex 83.6258 -82.2949 10
      vertex 83.6258 82.2949 10
    endloop
  endfacet
  facet normal 0 0 1
    outer loop
      vertex 83.1545 82.7103 10
      vertex 83.1545 -82.7103 10
      vertex 83.6258 -82.2949 10
    endloop
  endfacet
  facet normal 0 0 1
    outer loop
      vertex 82.7103 83.1545 10
      vertex 83.1545 -82.7103 10
      vertex 83.1545 82.7103 10
    endloop
  endfacet
  facet normal 0 0 1
    outer loop
      vertex 82.7103 83.1545 10
      vertex 82.7103 -83.1545 10
      vertex 83.1545 -82.7103 10
    endloop
  endfacet
  facet normal 0 0 1
    outer loop
      vertex -80.7022 86.3188 10
      vertex 80.7022 86.3188 10
      vertex -80.4894 86.9098 10
    endloop
  endfacet
  facet normal 0 0 1
    outer loop
      vertex 80.7022 86.3188 10
      vertex -80.7022 86.3188 10
      vertex 80.9517 85.7422 10
    endloop
  endfacet
  facet normal 0 0 1
    outer loop
      vertex 80.4894 86.9098 10
      vertex -80.4894 86.9098 10
      vertex 80.7022 86.3188 10
    endloop
  endfacet
  facet normal 0 0 1
    outer loop
      vertex -80.9517 85.7422 10
      vertex 80.9517 85.7422 10
      vertex -80.7022 86.3188 10
    endloop
  endfacet
  facet normal 0 0 1
    outer loop
      vertex -80.4894 86.9098 10
      vertex 80.4894 86.9098 10
      vertex -80.3142 87.5131 10
    endloop
  endfacet
  facet normal 0 0 1
    outer loop
      vertex 82.7103 -83.1545 10
      vertex -80 -90 10
      vertex 82.2949 -83.6258 10
    endloop
  endfacet
  facet normal 0 0 1
    outer loop
      vertex 80.3142 87.5131 10
      vertex -80.3142 87.5131 10
      vertex 80.4894 86.9098 10
    endloop
  endfacet
  facet normal 0 0 1
    outer loop
      vertex 82.2949 -83.6258 10
      vertex -80 -90 10
      vertex 81.9098 -84.1221 10
    endloop
  endfacet
  facet normal 0 0 1
    outer loop
      vertex -80.3142 87.5131 10
      vertex 80.3142 87.5131 10
      vertex -80.1771 88.1262 10
    endloop
  endfacet
  facet normal 0 0 1
    outer loop
      vertex 81.9098 -84.1221 10
      vertex -80 -90 10
      vertex 81.5567 -84.6417 10
    endloop
  endfacet
  facet normal 0 0 1
    outer loop
      vertex 80.1771 88.1262 10
      vertex -80.1771 88.1262 10
      vertex 80.3142 87.5131 10
    endloop
  endfacet
  facet normal 0 0 1
    outer loop
      vertex 81.5567 -84.6417 10
      vertex -80 -90 10
      vertex 81.2369 -85.1825 10
    endloop
  endfacet
  facet normal 0 0 1
    outer loop
      vertex -80.1771 88.1262 10
      vertex 80.1771 88.1262 10
      vertex -80.0788 88.7467 10
    endloop
  endfacet
  facet normal 0 0 1
    outer loop
      vertex 81.2369 -85.1825 10
      vertex -80 -90 10
      vertex 80.9517 -85.7422 10
    endloop
  endfacet
  facet normal 0 0 1
    outer loop
      vertex 80.0788 88.7467 10
      vertex -80.0788 88.7467 10
      vertex 80.1771 88.1262 10
    endloop
  endfacet
  facet normal 0 0 1
    outer loop
      vertex 80.9517 -85.7422 10
      vertex -80 -90 10
      vertex 80.7022 -86.3188 10
    endloop
  endfacet
  facet normal 0 0 1
    outer loop
      vertex -80.0788 88.7467 10
      vertex 80.0788 88.7467 10
      vertex -80.0197 89.3721 10
    endloop
  endfacet
  facet normal 0 0 1
    outer loop
      vertex 80.7022 -86.3188 10
      vertex -80 -90 10
      vertex 80.4894 -86.9098 10
    endloop
  endfacet
  facet normal 0 0 1
    outer loop
      vertex 80.0197 89.3721 10
      vertex -80.0197 89.3721 10
      vertex 80.0788 88.7467 10
    endloop
  endfacet
  facet normal 0 0 1
    outer loop
      vertex 80.4894 -86.9098 10
      vertex -80 -90 10
      vertex 80.3142 -87.5131 10
    endloop
  endfacet
  facet normal 0 0 1
    outer loop
      vertex -80.0197 89.3721 10
      vertex 80.0197 89.3721 10
      vertex -80 90 10
    endloop
  endfacet
  facet normal 0 0 1
    outer loop
      vertex 80.3142 -87.5131 10
      vertex -80 -90 10
      vertex 80.1771 -88.1262 10
    endloop
  endfacet
  facet normal -0 0 1
    outer loop
      vertex -80 90 10
      vertex 80.0197 89.3721 10
      vertex 80 90 10
    endloop
  endfacet
  facet normal 0 0 1
    outer loop
      vertex 80.1771 -88.1262 10
      vertex -80 -90 10
      vertex 80.0788 -88.7467 10
    endloop
  endfacet
  facet normal 0 0 1
    outer loop
      vertex 80.0197 -89.3721 10
      vertex -80 -90 10
      vertex 80 -90 10
    endloop
  endfacet
  facet normal 0 0 1
    outer loop
      vertex 80 -90 10
      vertex -80 -90 10
      vertex 80.0197 -90.6279 10
    endloop
  endfacet
  facet normal 0 0 1
    outer loop
      vertex -80.0197 -90.6279 10
      vertex 80.0197 -90.6279 10
      vertex -80 -90 10
    endloop
  endfacet
  facet normal 0 0 1
    outer loop
      vertex 80.0197 -90.6279 10
      vertex -80.0197 -90.6279 10
      vertex 80.0788 -91.2533 10
    endloop
  endfacet
  facet normal 0 0 1
    outer loop
      vertex -80.0788 -91.2533 10
      vertex 80.0788 -91.2533 10
      vertex -80.0197 -90.6279 10
    endloop
  endfacet
  facet normal 0 0 1
    outer loop
      vertex 80.0788 -91.2533 10
      vertex -80.0788 -91.2533 10
      vertex 80.1771 -91.8738 10
    endloop
  endfacet
  facet normal 0 0 1
    outer loop
      vertex -80.1771 -91.8738 10
      vertex 80.1771 -91.8738 10
      vertex -80.0788 -91.2533 10
    endloop
  endfacet
  facet normal 0 0 1
    outer loop
      vertex 80.1771 -91.8738 10
      vertex -80.1771 -91.8738 10
      vertex 80.3142 -92.4869 10
    endloop
  endfacet
  facet normal 0 0 1
    outer loop
      vertex -80.3142 -92.4869 10
      vertex 80.3142 -92.4869 10
      vertex -80.1771 -91.8738 10
    endloop
  endfacet
  facet normal 0 0 1
    outer loop
      vertex 80.3142 -92.4869 10
      vertex -80.3142 -92.4869 10
      vertex 80.4894 -93.0902 10
    endloop
  endfacet
  facet normal 0 0 1
    outer loop
      vertex -80.4894 -93.0902 10
      vertex 80.4894 -93.0902 10
      vertex -80.3142 -92.4869 10
    endloop
  endfacet
  facet normal 0 0 1
    outer loop
      vertex 80.4894 -93.0902 10
      vertex -80.4894 -93.0902 10
      vertex 80.7022 -93.6812 10
    endloop
  endfacet
  facet normal 0 0 1
    outer loop
      vertex -80.7022 -93.6812 10
      vertex 80.7022 -93.6812 10
      vertex -80.4894 -93.0902 10
    endloop
  endfacet
  facet normal 0 0 1
    outer loop
      vertex 80.7022 -93.6812 10
      vertex -80.7022 -93.6812 10
      vertex 80.9517 -94.2578 10
    endloop
  endfacet
  facet normal 0 0 1
    outer loop
      vertex -80.9517 -94.2578 10
      vertex 80.9517 -94.2578 10
      vertex -80.7022 -93.6812 10
    endloop
  endfacet
  facet normal 0 0 1
    outer loop
      vertex 80.9517 -94.2578 10
      vertex -80.9517 -94.2578 10
      vertex 81.2369 -94.8175 10
    endloop
  endfacet
  facet normal 0 0 1
    outer loop
      vertex -81.2369 -94.8175 10
      vertex 81.2369 -94.8175 10
      vertex -80.9517 -94.2578 10
    endloop
  endfacet
  facet normal 0 0 1
    outer loop
      vertex 81.2369 -94.8175 10
      vertex -81.2369 -94.8175 10
      vertex 81.5567 -95.3583 10
    endloop
  endfacet
  facet normal 0 0 1
    outer loop
      vertex -81.5567 -95.3583 10
      vertex 81.5567 -95.3583 10
      vertex -81.2369 -94.8175 10
    endloop
  endfacet
  facet normal 0 0 1
    outer loop
      vertex 81.5567 -95.3583 10
      vertex -81.5567 -95.3583 10
      vertex 81.9098 -95.8779 10
    endloop
  endfacet
  facet normal 0 0 1
    outer loop
      vertex -81.9098 -95.8779 10
      vertex 81.9098 -95.8779 10
      vertex -81.5567 -95.3583 10
    endloop
  endfacet
  facet normal 0 0 1
    outer loop
      vertex 81.9098 -95.8779 10
      vertex -81.9098 -95.8779 10
      vertex 82.2949 -96.3742 10
    endloop
  endfacet
  facet normal 0 0 1
    outer loop
      vertex -82.2949 -96.3742 10
      vertex 82.2949 -96.3742 10
      vertex -81.9098 -95.8779 10
    endloop
  endfacet
  facet normal 0 0 1
    outer loop
      vertex 82.2949 -96.3742 10
      vertex -82.2949 -96.3742 10
      vertex 82.7103 -96.8455 10
    endloop
  endfacet
  facet normal 0 0 1
    outer loop
      vertex -82.7103 -96.8455 10
      vertex 82.7103 -96.8455 10
      vertex -82.2949 -96.3742 10
    endloop
  endfacet
  facet normal 0 0 1
    outer loop
      vertex 82.7103 -96.8455 10
      vertex -82.7103 -96.8455 10
      vertex 83.1545 -97.2897 10
    endloop
  endfacet
  facet normal 0 0 1
    outer loop
      vertex -83.1545 -97.2897 10
      vertex 83.1545 -97.2897 10
      vertex -82.7103 -96.8455 10
    endloop
  endfacet
  facet normal 0 0 1
    outer loop
      vertex 83.1545 -97.2897 10
      vertex -83.1545 -97.2897 10
      vertex 83.6258 -97.7051 10
    endloop
  endfacet
  facet normal 0 0 1
    outer loop
      vertex -83.6258 -97.7051 10
      vertex 83.6258 -97.7051 10
      vertex -83.1545 -97.2897 10
    endloop
  endfacet
  facet normal 0 0 1
    outer loop
      vertex 83.6258 -97.7051 10
      vertex -83.6258 -97.7051 10
      vertex 84.1221 -98.0902 10
    endloop
  endfacet
  facet normal 0 0 1
    outer loop
      vertex -84.1221 -98.0902 10
      vertex 84.1221 -98.0902 10
      vertex -83.6258 -97.7051 10
    endloop
  endfacet
  facet normal 0 0 1
    outer loop
      vertex 84.1221 -98.0902 10
      vertex -84.1221 -98.0902 10
      vertex 84.6417 -98.4433 10
    endloop
  endfacet
  facet normal 0 0 1
    outer loop
      vertex -84.6417 -98.4433 10
      vertex 84.6417 -98.4433 10
      vertex -84.1221 -98.0902 10
    endloop
  endfacet
  facet normal 0 0 1
    outer loop
      vertex 84.6417 -98.4433 10
      vertex -84.6417 -98.4433 10
      vertex 85.1825 -98.7631 10
    endloop
  endfacet
  facet normal 0 0 1
    outer loop
      vertex -85.1825 -98.7631 10
      vertex 85.1825 -98.7631 10
      vertex -84.6417 -98.4433 10
    endloop
  endfacet
  facet normal 0 0 1
    outer loop
      vertex 85.1825 -98.7631 10
      vertex -85.1825 -98.7631 10
      vertex 85.7422 -99.0483 10
    endloop
  endfacet
  facet normal 0 0 1
    outer loop
      vertex -85.7422 -99.0483 10
      vertex 85.7422 -99.0483 10
      vertex -85.1825 -98.7631 10
    endloop
  endfacet
  facet normal 0 0 1
    outer loop
      vertex 85.7422 -99.0483 10
      vertex -85.7422 -99.0483 10
      vertex 86.3188 -99.2978 10
    endloop
  endfacet
  facet normal 0 0 1
    outer loop
      vertex -86.3188 -99.2978 10
      vertex 86.3188 -99.2978 10
      vertex -85.7422 -99.0483 10
    endloop
  endfacet
  facet normal 0 0 1
    outer loop
      vertex 86.3188 -99.2978 10
      vertex -86.3188 -99.2978 10
      vertex 86.9098 -99.5106 10
    endloop
  endfacet
  facet normal 0 0 1
    outer loop
      vertex -86.9098 -99.5106 10
      vertex 86.9098 -99.5106 10
      vertex -86.3188 -99.2978 10
    endloop
  endfacet
  facet normal 0 0 1
    outer loop
      vertex 86.9098 -99.5106 10
      vertex -86.9098 -99.5106 10
      vertex 87.5131 -99.6858 10
    endloop
  endfacet
  facet normal 0 0 1
    outer loop
      vertex -87.5131 -99.6858 10
      vertex 87.5131 -99.6858 10
      vertex -86.9098 -99.5106 10
    endloop
  endfacet
  facet normal 0 0 1
    outer loop
      vertex 87.5131 -99.6858 10
      vertex -87.5131 -99.6858 10
      vertex 88.1262 -99.8229 10
    endloop
  endfacet
  facet normal 0 0 1
    outer loop
      vertex -88.1262 -99.8229 10
      vertex 88.1262 -99.8229 10
      vertex -87.5131 -99.6858 10
    endloop
  endfacet
  facet normal 0 0 1
    outer loop
      vertex 88.1262 -99.8229 10
      vertex -88.1262 -99.8229 10
      vertex 88.7467 -99.9211 10
    endloop
  endfacet
  facet normal 0 0 1
    outer loop
      vertex -88.7467 -99.9211 10
      vertex 88.7467 -99.9211 10
      vertex -88.1262 -99.8229 10
    endloop
  endfacet
  facet normal 0 0 1
    outer loop
      vertex 88.7467 -99.9211 10
      vertex -88.7467 -99.9211 10
      vertex 89.3721 -99.9803 10
    endloop
  endfacet
  facet normal 0 0 1
    outer loop
      vertex -89.3721 -99.9803 10
      vertex 89.3721 -99.9803 10
      vertex -88.7467 -99.9211 10
    endloop
  endfacet
  facet normal 0 0 1
    outer loop
      vertex 89.3721 -99.9803 10
      vertex -89.3721 -99.9803 10
      vertex 90 -100 10
    endloop
  endfacet
  facet normal 0 0 1
    outer loop
      vertex 90 -100 10
      vertex -89.3721 -99.9803 10
      vertex -90 -100 10
    endloop
  endfacet
  facet normal 1 -0 0
    outer loop
      vertex 100 90 10
      vertex 100 100 -10
      vertex 100 100 10
    endloop
  endfacet
  facet normal 1 -0 0
    outer loop
      vertex 100 -90 10
      vertex 100 100 -10
      vertex 100 90 10
    endloop
  endfacet
  facet normal 1 0 0
    outer loop
      vertex 100 -100 -10
      vertex 100 -90 10
      vertex 100 -100 10
    endloop
  endfacet
  facet normal 1 0 0
    outer loop
      vertex 100 -90 10
      vertex 100 -100 -10
      vertex 100 100 -10
    endloop
  endfacet
  facet normal 0 1 -0
    outer loop
      vertex 100 100 -10
      vertex 90 100 10
      vertex 100 100 10
    endloop
  endfacet
  facet normal 0 1 0
    outer loop
      vertex 90 100 10
      vertex 100 100 -10
      vertex -90 100 10
    endloop
  endfacet
  facet normal 0 1 0
    outer loop
      vertex -100 100 -10
      vertex -90 100 10
      vertex 100 100 -10
    endloop
  endfacet
  facet normal 0 1 0
    outer loop
      vertex -90 100 10
      vertex -100 100 -10
      vertex -100 100 10
    endloop
  endfacet
  facet normal 0 0 -1
    outer loop
      vertex -100 -100 -10
      vertex 100 100 -10
      vertex 100 -100 -10
    endloop
  endfacet
  facet normal -0 0 -1
    outer loop
      vertex 100 100 -10
      vertex -100 -100 -10
      vertex -100 100 -10
    endloop
  endfacet
  facet normal 0 -1 0
    outer loop
      vertex -100 -100 -10
      vertex -90 -100 10
      vertex -100 -100 10
    endloop
  endfacet
  facet normal 0 -1 -0
    outer loop
      vertex -90 -100 10
      vertex -100 -100 -10
      vertex 90 -100 10
    endloop
  endfacet
  facet normal 0 -1 0
    outer loop
      vertex 100 -100 -10
      vertex 90 -100 10
      vertex -100 -100 -10
    endloop
  endfacet
  facet normal 0 -1 0
    outer loop
      vertex 90 -100 10
      vertex 100 -100 -10
      vertex 100 -100 10
    endloop
  endfacet
  facet normal 0.999508 0.031359 0
    outer loop
      vertex 100 90 200
      vertex 99.9803 90.6279 10
      vertex 99.9803 90.6279 200
    endloop
  endfacet
  facet normal 0.999508 0.031359 0
    outer loop
      vertex 99.9803 90.6279 10
      vertex 100 90 200
      vertex 100 90 10
    endloop
  endfacet
  facet normal -0.031359 0.999508 0
    outer loop
      vertex 90 100 10
      vertex 89.3721 99.9803 200
      vertex 90 100 200
    endloop
  endfacet
  facet normal -0.031359 0.999508 0
    outer loop
      vertex 89.3721 99.9803 200
      vertex 90 100 10
      vertex 89.3721 99.9803 10
    endloop
  endfacet
  facet normal 0.707107 0.707107 0
    outer loop
      vertex 97.2897 96.8455 200
      vertex 96.8455 97.2897 10
      vertex 96.8455 97.2897 200
    endloop
  endfacet
  facet normal 0.707107 0.707107 0
    outer loop
      vertex 96.8455 97.2897 10
      vertex 97.2897 96.8455 200
      vertex 97.2897 96.8455 10
    endloop
  endfacet
  facet normal -0.707107 0.707107 0
    outer loop
      vertex 82.7103 96.8455 10
      vertex 83.1545 97.2897 200
      vertex 83.1545 97.2897 10
    endloop
  endfacet
  facet normal -0.707107 0.707107 0
    outer loop
      vertex 83.1545 97.2897 200
      vertex 82.7103 96.8455 10
      vertex 82.7103 96.8455 200
    endloop
  endfacet
  facet normal -0.397125 0.917765 0
    outer loop
      vertex 86.3188 99.2978 10
      vertex 85.7422 99.0483 200
      vertex 86.3188 99.2978 200
    endloop
  endfacet
  facet normal -0.397125 0.917765 0
    outer loop
      vertex 85.7422 99.0483 200
      vertex 86.3188 99.2978 10
      vertex 85.7422 99.0483 10
    endloop
  endfacet
  facet normal 0.917765 0.397125 0
    outer loop
      vertex 99.2978 93.6812 200
      vertex 99.0483 94.2578 10
      vertex 99.0483 94.2578 200
    endloop
  endfacet
  facet normal 0.917765 0.397125 0
    outer loop
      vertex 99.0483 94.2578 10
      vertex 99.2978 93.6812 200
      vertex 99.2978 93.6812 10
    endloop
  endfacet
  facet normal 0.338776 0.940867 -0
    outer loop
      vertex 93.6812 99.2978 10
      vertex 93.0902 99.5106 200
      vertex 93.6812 99.2978 200
    endloop
  endfacet
  facet normal 0.338776 0.940867 0
    outer loop
      vertex 93.0902 99.5106 200
      vertex 93.6812 99.2978 10
      vertex 93.0902 99.5106 10
    endloop
  endfacet
  facet normal 0.509008 0.860762 -0
    outer loop
      vertex 95.3583 98.4433 10
      vertex 94.8175 98.7631 200
      vertex 95.3583 98.4433 200
    endloop
  endfacet
  facet normal 0.509008 0.860762 0
    outer loop
      vertex 94.8175 98.7631 200
      vertex 95.3583 98.4433 10
      vertex 94.8175 98.7631 10
    endloop
  endfacet
  facet normal -0.940867 0.338776 0
    outer loop
      vertex 80.4894 93.0902 10
      vertex 80.7022 93.6812 200
      vertex 80.7022 93.6812 10
    endloop
  endfacet
  facet normal -0.940867 0.338776 0
    outer loop
      vertex 80.7022 93.6812 200
      vertex 80.4894 93.0902 10
      vertex 80.4894 93.0902 200
    endloop
  endfacet
  facet normal -0.218228 0.975898 0
    outer loop
      vertex 88.1262 99.8229 10
      vertex 87.5131 99.6858 200
      vertex 88.1262 99.8229 200
    endloop
  endfacet
  facet normal -0.218228 0.975898 0
    outer loop
      vertex 87.5131 99.6858 200
      vertex 88.1262 99.8229 10
      vertex 87.5131 99.6858 10
    endloop
  endfacet
  facet normal 0.975898 0.218228 0
    outer loop
      vertex 99.8229 91.8738 200
      vertex 99.6858 92.4869 10
      vertex 99.6858 92.4869 200
    endloop
  endfacet
  facet normal 0.975898 0.218228 0
    outer loop
      vertex 99.6858 92.4869 10
      vertex 99.8229 91.8738 200
      vertex 99.8229 91.8738 10
    endloop
  endfacet
  facet normal 0.960326 0.278881 0
    outer loop
      vertex 99.6858 92.4869 200
      vertex 99.5106 93.0902 10
      vertex 99.5106 93.0902 200
    endloop
  endfacet
  facet normal 0.960326 0.278881 0
    outer loop
      vertex 99.5106 93.0902 10
      vertex 99.6858 92.4869 200
      vertex 99.6858 92.4869 10
    endloop
  endfacet
  facet normal 0.827095 0.562062 0
    outer loop
      vertex 98.4433 95.3583 200
      vertex 98.0902 95.8779 10
      vertex 98.0902 95.8779 200
    endloop
  endfacet
  facet normal 0.827095 0.562062 0
    outer loop
      vertex 98.0902 95.8779 10
      vertex 98.4433 95.3583 200
      vertex 98.4433 95.3583 10
    endloop
  endfacet
  facet normal 0.890995 0.454014 0
    outer loop
      vertex 99.0483 94.2578 200
      vertex 98.7631 94.8175 10
      vertex 98.7631 94.8175 200
    endloop
  endfacet
  facet normal 0.890995 0.454014 0
    outer loop
      vertex 98.7631 94.8175 10
      vertex 99.0483 94.2578 200
      vertex 99.0483 94.2578 10
    endloop
  endfacet
  facet normal 0.156314 0.987707 -0
    outer loop
      vertex 91.8738 99.8229 10
      vertex 91.2533 99.9211 200
      vertex 91.8738 99.8229 200
    endloop
  endfacet
  facet normal 0.156314 0.987707 0
    outer loop
      vertex 91.2533 99.9211 200
      vertex 91.8738 99.8229 10
      vertex 91.2533 99.9211 10
    endloop
  endfacet
  facet normal 0.613037 0.790055 -0
    outer loop
      vertex 96.3742 97.7051 10
      vertex 95.8779 98.0902 200
      vertex 96.3742 97.7051 200
    endloop
  endfacet
  facet normal 0.613037 0.790055 0
    outer loop
      vertex 95.8779 98.0902 200
      vertex 96.3742 97.7051 10
      vertex 95.8779 98.0902 10
    endloop
  endfacet
  facet normal -0.987683 0.156469 0
    outer loop
      vertex 80.0788 91.2533 10
      vertex 80.1771 91.8738 200
      vertex 80.1771 91.8738 10
    endloop
  endfacet
  facet normal -0.987683 0.156469 0
    outer loop
      vertex 80.1771 91.8738 200
      vertex 80.0788 91.2533 10
      vertex 80.0788 91.2533 200
    endloop
  endfacet
  facet normal -0.860762 0.509008 0
    outer loop
      vertex 81.2369 94.8175 10
      vertex 81.5567 95.3583 200
      vertex 81.5567 95.3583 10
    endloop
  endfacet
  facet normal -0.860762 0.509008 0
    outer loop
      vertex 81.5567 95.3583 200
      vertex 81.2369 94.8175 10
      vertex 81.2369 94.8175 200
    endloop
  endfacet
  facet normal -0.995565 0.0940804 0
    outer loop
      vertex 80.0197 90.6279 10
      vertex 80.0788 91.2533 200
      vertex 80.0788 91.2533 10
    endloop
  endfacet
  facet normal -0.995565 0.0940804 0
    outer loop
      vertex 80.0788 91.2533 200
      vertex 80.0197 90.6279 10
      vertex 80.0197 90.6279 200
    endloop
  endfacet
  facet normal -0.562062 0.827095 0
    outer loop
      vertex 84.6417 98.4433 10
      vertex 84.1221 98.0902 200
      vertex 84.6417 98.4433 200
    endloop
  endfacet
  facet normal -0.562062 0.827095 0
    outer loop
      vertex 84.1221 98.0902 200
      vertex 84.6417 98.4433 10
      vertex 84.1221 98.0902 10
    endloop
  endfacet
  facet normal -0.454014 0.890995 0
    outer loop
      vertex 85.7422 99.0483 10
      vertex 85.1825 98.7631 200
      vertex 85.7422 99.0483 200
    endloop
  endfacet
  facet normal -0.454014 0.890995 0
    outer loop
      vertex 85.1825 98.7631 200
      vertex 85.7422 99.0483 10
      vertex 85.1825 98.7631 10
    endloop
  endfacet
  facet normal -0.278881 0.960326 0
    outer loop
      vertex 87.5131 99.6858 10
      vertex 86.9098 99.5106 200
      vertex 87.5131 99.6858 200
    endloop
  endfacet
  facet normal -0.278881 0.960326 0
    outer loop
      vertex 86.9098 99.5106 200
      vertex 87.5131 99.6858 10
      vertex 86.9098 99.5106 10
    endloop
  endfacet
  facet normal -0.156314 0.987707 0
    outer loop
      vertex 88.7467 99.9211 10
      vertex 88.1262 99.8229 200
      vertex 88.7467 99.9211 200
    endloop
  endfacet
  facet normal -0.156314 0.987707 0
    outer loop
      vertex 88.1262 99.8229 200
      vertex 88.7467 99.9211 10
      vertex 88.1262 99.8229 10
    endloop
  endfacet
  facet normal 0.278881 -0.960326 0
    outer loop
      vertex 92.4869 80.3142 10
      vertex 93.0902 80.4894 200
      vertex 92.4869 80.3142 200
    endloop
  endfacet
  facet normal 0.278881 -0.960326 0
    outer loop
      vertex 93.0902 80.4894 200
      vertex 92.4869 80.3142 10
      vertex 93.0902 80.4894 10
    endloop
  endfacet
  facet normal 0.454014 -0.890995 0
    outer loop
      vertex 94.2578 80.9517 10
      vertex 94.8175 81.2369 200
      vertex 94.2578 80.9517 200
    endloop
  endfacet
  facet normal 0.454014 -0.890995 0
    outer loop
      vertex 94.8175 81.2369 200
      vertex 94.2578 80.9517 10
      vertex 94.8175 81.2369 10
    endloop
  endfacet
  facet normal -0.0940804 -0.995565 0
    outer loop
      vertex 88.7467 80.0788 10
      vertex 89.3721 80.0197 190
      vertex 88.7467 80.0788 190
    endloop
  endfacet
  facet normal -0.0940804 -0.995565 -0
    outer loop
      vertex 89.3721 80.0197 190
      vertex 88.7467 80.0788 10
      vertex 89.3721 80.0197 10
    endloop
  endfacet
  facet normal -0.860762 -0.509008 0
    outer loop
      vertex 81.5567 84.6417 10
      vertex 81.2369 85.1825 190
      vertex 81.2369 85.1825 10
    endloop
  endfacet
  facet normal -0.860762 -0.509008 0
    outer loop
      vertex 81.2369 85.1825 190
      vertex 81.5567 84.6417 10
      vertex 81.5567 84.6417 190
    endloop
  endfacet
  facet normal -0.890995 -0.454014 0
    outer loop
      vertex 81.2369 85.1825 10
      vertex 80.9517 85.7422 190
      vertex 80.9517 85.7422 10
    endloop
  endfacet
  facet normal -0.890995 -0.454014 0
    outer loop
      vertex 80.9517 85.7422 190
      vertex 81.2369 85.1825 10
      vertex 81.2369 85.1825 190
    endloop
  endfacet
  facet normal -0.960326 -0.278881 0
    outer loop
      vertex 80.4894 86.9098 10
      vertex 80.3142 87.5131 190
      vertex 80.3142 87.5131 10
    endloop
  endfacet
  facet normal -0.960326 -0.278881 0
    outer loop
      vertex 80.3142 87.5131 190
      vertex 80.4894 86.9098 10
      vertex 80.4894 86.9098 190
    endloop
  endfacet
  facet normal -0.917765 -0.397125 0
    outer loop
      vertex 80.9517 85.7422 10
      vertex 80.7022 86.3188 190
      vertex 80.7022 86.3188 10
    endloop
  endfacet
  facet normal -0.917765 -0.397125 0
    outer loop
      vertex 80.7022 86.3188 190
      vertex 80.9517 85.7422 10
      vertex 80.9517 85.7422 190
    endloop
  endfacet
  facet normal 0.987707 0.156314 0
    outer loop
      vertex 99.9211 91.2533 200
      vertex 99.8229 91.8738 10
      vertex 99.8229 91.8738 200
    endloop
  endfacet
  facet normal 0.987707 0.156314 0
    outer loop
      vertex 99.8229 91.8738 10
      vertex 99.9211 91.2533 200
      vertex 99.9211 91.2533 10
    endloop
  endfacet
  facet normal 0.99555 0.0942382 0
    outer loop
      vertex 99.9803 90.6279 200
      vertex 99.9211 91.2533 10
      vertex 99.9211 91.2533 200
    endloop
  endfacet
  facet normal 0.99555 0.0942382 0
    outer loop
      vertex 99.9211 91.2533 10
      vertex 99.9803 90.6279 200
      vertex 99.9803 90.6279 10
    endloop
  endfacet
  facet normal 0.940867 0.338776 0
    outer loop
      vertex 99.5106 93.0902 200
      vertex 99.2978 93.6812 10
      vertex 99.2978 93.6812 200
    endloop
  endfacet
  facet normal 0.940867 0.338776 0
    outer loop
      vertex 99.2978 93.6812 10
      vertex 99.5106 93.0902 200
      vertex 99.5106 93.0902 10
    endloop
  endfacet
  facet normal 0.790055 0.613037 0
    outer loop
      vertex 98.0902 95.8779 200
      vertex 97.7051 96.3742 10
      vertex 97.7051 96.3742 200
    endloop
  endfacet
  facet normal 0.790055 0.613037 0
    outer loop
      vertex 97.7051 96.3742 10
      vertex 98.0902 95.8779 200
      vertex 98.0902 95.8779 10
    endloop
  endfacet
  facet normal 0.750195 0.661216 0
    outer loop
      vertex 97.7051 96.3742 200
      vertex 97.2897 96.8455 10
      vertex 97.2897 96.8455 200
    endloop
  endfacet
  facet normal 0.750195 0.661216 0
    outer loop
      vertex 97.2897 96.8455 10
      vertex 97.7051 96.3742 200
      vertex 97.7051 96.3742 10
    endloop
  endfacet
  facet normal 0.860762 0.509008 0
    outer loop
      vertex 98.7631 94.8175 200
      vertex 98.4433 95.3583 10
      vertex 98.4433 95.3583 200
    endloop
  endfacet
  facet normal 0.860762 0.509008 0
    outer loop
      vertex 98.4433 95.3583 10
      vertex 98.7631 94.8175 200
      vertex 98.7631 94.8175 10
    endloop
  endfacet
  facet normal 0.218228 0.975898 -0
    outer loop
      vertex 92.4869 99.6858 10
      vertex 91.8738 99.8229 200
      vertex 92.4869 99.6858 200
    endloop
  endfacet
  facet normal 0.218228 0.975898 0
    outer loop
      vertex 91.8738 99.8229 200
      vertex 92.4869 99.6858 10
      vertex 91.8738 99.8229 10
    endloop
  endfacet
  facet normal 0.278881 0.960326 -0
    outer loop
      vertex 93.0902 99.5106 10
      vertex 92.4869 99.6858 200
      vertex 93.0902 99.5106 200
    endloop
  endfacet
  facet normal 0.278881 0.960326 0
    outer loop
      vertex 92.4869 99.6858 200
      vertex 93.0902 99.5106 10
      vertex 92.4869 99.6858 10
    endloop
  endfacet
  facet normal 0.0942382 0.99555 -0
    outer loop
      vertex 91.2533 99.9211 10
      vertex 90.6279 99.9803 200
      vertex 91.2533 99.9211 200
    endloop
  endfacet
  facet normal 0.0942382 0.99555 0
    outer loop
      vertex 90.6279 99.9803 200
      vertex 91.2533 99.9211 10
      vertex 90.6279 99.9803 10
    endloop
  endfacet
  facet normal 0.031359 0.999508 -0
    outer loop
      vertex 90.6279 99.9803 10
      vertex 90 100 200
      vertex 90.6279 99.9803 200
    endloop
  endfacet
  facet normal 0.031359 0.999508 0
    outer loop
      vertex 90 100 200
      vertex 90.6279 99.9803 10
      vertex 90 100 10
    endloop
  endfacet
  facet normal 0.454014 0.890995 -0
    outer loop
      vertex 94.8175 98.7631 10
      vertex 94.2578 99.0483 200
      vertex 94.8175 98.7631 200
    endloop
  endfacet
  facet normal 0.454014 0.890995 0
    outer loop
      vertex 94.2578 99.0483 200
      vertex 94.8175 98.7631 10
      vertex 94.2578 99.0483 10
    endloop
  endfacet
  facet normal 0.397125 0.917765 -0
    outer loop
      vertex 94.2578 99.0483 10
      vertex 93.6812 99.2978 200
      vertex 94.2578 99.0483 200
    endloop
  endfacet
  facet normal 0.397125 0.917765 0
    outer loop
      vertex 93.6812 99.2978 200
      vertex 94.2578 99.0483 10
      vertex 93.6812 99.2978 10
    endloop
  endfacet
  facet normal 0.562062 0.827095 -0
    outer loop
      vertex 95.8779 98.0902 10
      vertex 95.3583 98.4433 200
      vertex 95.8779 98.0902 200
    endloop
  endfacet
  facet normal 0.562062 0.827095 0
    outer loop
      vertex 95.3583 98.4433 200
      vertex 95.8779 98.0902 10
      vertex 95.3583 98.4433 10
    endloop
  endfacet
  facet normal 0.661216 0.750195 -0
    outer loop
      vertex 96.8455 97.2897 10
      vertex 96.3742 97.7051 200
      vertex 96.8455 97.2897 200
    endloop
  endfacet
  facet normal 0.661216 0.750195 0
    outer loop
      vertex 96.3742 97.7051 200
      vertex 96.8455 97.2897 10
      vertex 96.3742 97.7051 10
    endloop
  endfacet
  facet normal -0.790055 0.613037 0
    outer loop
      vertex 81.9098 95.8779 10
      vertex 82.2949 96.3742 200
      vertex 82.2949 96.3742 10
    endloop
  endfacet
  facet normal -0.790055 0.613037 0
    outer loop
      vertex 82.2949 96.3742 200
      vertex 81.9098 95.8779 10
      vertex 81.9098 95.8779 200
    endloop
  endfacet
  facet normal -0.750195 0.661216 0
    outer loop
      vertex 82.2949 96.3742 10
      vertex 82.7103 96.8455 200
      vertex 82.7103 96.8455 10
    endloop
  endfacet
  facet normal -0.750195 0.661216 0
    outer loop
      vertex 82.7103 96.8455 200
      vertex 82.2949 96.3742 10
      vertex 82.2949 96.3742 200
    endloop
  endfacet
  facet normal -0.827095 0.562062 0
    outer loop
      vertex 81.5567 95.3583 10
      vertex 81.9098 95.8779 200
      vertex 81.9098 95.8779 10
    endloop
  endfacet
  facet normal -0.827095 0.562062 0
    outer loop
      vertex 81.9098 95.8779 200
      vertex 81.5567 95.3583 10
      vertex 81.5567 95.3583 200
    endloop
  endfacet
  facet normal -0.917765 0.397125 0
    outer loop
      vertex 80.7022 93.6812 10
      vertex 80.9517 94.2578 200
      vertex 80.9517 94.2578 10
    endloop
  endfacet
  facet normal -0.917765 0.397125 0
    outer loop
      vertex 80.9517 94.2578 200
      vertex 80.7022 93.6812 10
      vertex 80.7022 93.6812 200
    endloop
  endfacet
  facet normal -0.890995 0.454014 0
    outer loop
      vertex 80.9517 94.2578 10
      vertex 81.2369 94.8175 200
      vertex 81.2369 94.8175 10
    endloop
  endfacet
  facet normal -0.890995 0.454014 0
    outer loop
      vertex 81.2369 94.8175 200
      vertex 80.9517 94.2578 10
      vertex 80.9517 94.2578 200
    endloop
  endfacet
  facet normal -0.975898 0.218228 0
    outer loop
      vertex 80.1771 91.8738 10
      vertex 80.3142 92.4869 200
      vertex 80.3142 92.4869 10
    endloop
  endfacet
  facet normal -0.975898 0.218228 0
    outer loop
      vertex 80.3142 92.4869 200
      vertex 80.1771 91.8738 10
      vertex 80.1771 91.8738 200
    endloop
  endfacet
  facet normal -0.960326 0.278881 0
    outer loop
      vertex 80.3142 92.4869 10
      vertex 80.4894 93.0902 200
      vertex 80.4894 93.0902 10
    endloop
  endfacet
  facet normal -0.960326 0.278881 0
    outer loop
      vertex 80.4894 93.0902 200
      vertex 80.3142 92.4869 10
      vertex 80.3142 92.4869 200
    endloop
  endfacet
  facet normal -0.999508 0.031359 0
    outer loop
      vertex 80 90 190
      vertex 80.0197 90.6279 10
      vertex 80 90 10
    endloop
  endfacet
  facet normal -0.999508 0.031359 0
    outer loop
      vertex 80.0197 90.6279 10
      vertex 80 90 190
      vertex 80.0197 90.6279 200
    endloop
  endfacet
  facet normal -0.999508 0.031359 0
    outer loop
      vertex 80.0197 90.6279 200
      vertex 80 90 190
      vertex 80 90 200
    endloop
  endfacet
  facet normal -0 0 1
    outer loop
      vertex 89.3721 99.9803 200
      vertex 90 90 200
      vertex 90 100 200
    endloop
  endfacet
  facet normal -0 0 1
    outer loop
      vertex 88.7467 99.9211 200
      vertex 90 90 200
      vertex 89.3721 99.9803 200
    endloop
  endfacet
  facet normal -0 0 1
    outer loop
      vertex 88.1262 99.8229 200
      vertex 90 90 200
      vertex 88.7467 99.9211 200
    endloop
  endfacet
  facet normal -0 0 1
    outer loop
      vertex 87.5131 99.6858 200
      vertex 90 90 200
      vertex 88.1262 99.8229 200
    endloop
  endfacet
  facet normal -0 0 1
    outer loop
      vertex 86.9098 99.5106 200
      vertex 90 90 200
      vertex 87.5131 99.6858 200
    endloop
  endfacet
  facet normal -0 0 1
    outer loop
      vertex 86.3188 99.2978 200
      vertex 90 90 200
      vertex 86.9098 99.5106 200
    endloop
  endfacet
  facet normal -0 0 1
    outer loop
      vertex 85.7422 99.0483 200
      vertex 90 90 200
      vertex 86.3188 99.2978 200
    endloop
  endfacet
  facet normal -0 0 1
    outer loop
      vertex 85.1825 98.7631 200
      vertex 90 90 200
      vertex 85.7422 99.0483 200
    endloop
  endfacet
  facet normal -0 0 1
    outer loop
      vertex 84.6417 98.4433 200
      vertex 90 90 200
      vertex 85.1825 98.7631 200
    endloop
  endfacet
  facet normal -0 0 1
    outer loop
      vertex 84.1221 98.0902 200
      vertex 90 90 200
      vertex 84.6417 98.4433 200
    endloop
  endfacet
  facet normal -0 0 1
    outer loop
      vertex 83.6258 97.7051 200
      vertex 90 90 200
      vertex 84.1221 98.0902 200
    endloop
  endfacet
  facet normal -0 0 1
    outer loop
      vertex 83.1545 97.2897 200
      vertex 90 90 200
      vertex 83.6258 97.7051 200
    endloop
  endfacet
  facet normal -0 0 1
    outer loop
      vertex 82.7103 96.8455 200
      vertex 90 90 200
      vertex 83.1545 97.2897 200
    endloop
  endfacet
  facet normal -0 0 1
    outer loop
      vertex 82.2949 96.3742 200
      vertex 90 90 200
      vertex 82.7103 96.8455 200
    endloop
  endfacet
  facet normal -0 0 1
    outer loop
      vertex 81.9098 95.8779 200
      vertex 90 90 200
      vertex 82.2949 96.3742 200
    endloop
  endfacet
  facet normal -0 0 1
    outer loop
      vertex 81.5567 95.3583 200
      vertex 90 90 200
      vertex 81.9098 95.8779 200
    endloop
  endfacet
  facet normal -0 0 1
    outer loop
      vertex 81.2369 94.8175 200
      vertex 90 90 200
      vertex 81.5567 95.3583 200
    endloop
  endfacet
  facet normal -0 0 1
    outer loop
      vertex 80.9517 94.2578 200
      vertex 90 90 200
      vertex 81.2369 94.8175 200
    endloop
  endfacet
  facet normal -0 0 1
    outer loop
      vertex 80.7022 93.6812 200
      vertex 90 90 200
      vertex 80.9517 94.2578 200
    endloop
  endfacet
  facet normal -0 0 1
    outer loop
      vertex 80.4894 93.0902 200
      vertex 90 90 200
      vertex 80.7022 93.6812 200
    endloop
  endfacet
  facet normal -0 0 1
    outer loop
      vertex 80.3142 92.4869 200
      vertex 90 90 200
      vertex 80.4894 93.0902 200
    endloop
  endfacet
  facet normal -0 0 1
    outer loop
      vertex 80.1771 91.8738 200
      vertex 90 90 200
      vertex 80.3142 92.4869 200
    endloop
  endfacet
  facet normal -0 0 1
    outer loop
      vertex 80.0788 91.2533 200
      vertex 90 90 200
      vertex 80.1771 91.8738 200
    endloop
  endfacet
  facet normal -0 0 1
    outer loop
      vertex 80.0197 90.6279 200
      vertex 90 90 200
      vertex 80.0788 91.2533 200
    endloop
  endfacet
  facet normal 0 0 1
    outer loop
      vertex 90 90 200
      vertex 80.0197 90.6279 200
      vertex 80 90 200
    endloop
  endfacet
  facet normal 0 0 1
    outer loop
      vertex 90 90 200
      vertex 100 90 200
      vertex 99.9803 90.6279 200
    endloop
  endfacet
  facet normal 0 0 1
    outer loop
      vertex 90 90 200
      vertex 99.9803 90.6279 200
      vertex 99.9211 91.2533 200
    endloop
  endfacet
  facet normal 0 0 1
    outer loop
      vertex 100 90 200
      vertex 90 90 200
      vertex 99.9803 89.3721 200
    endloop
  endfacet
  facet normal 0 0 1
    outer loop
      vertex 90 90 200
      vertex 99.9211 91.2533 200
      vertex 99.8229 91.8738 200
    endloop
  endfacet
  facet normal 0 0 1
    outer loop
      vertex 99.9803 89.3721 200
      vertex 90 90 200
      vertex 99.9211 88.7467 200
    endloop
  endfacet
  facet normal 0 0 1
    outer loop
      vertex 90 90 200
      vertex 99.8229 91.8738 200
      vertex 99.6858 92.4869 200
    endloop
  endfacet
  facet normal 0 0 1
    outer loop
      vertex 99.9211 88.7467 200
      vertex 90 90 200
      vertex 99.8229 88.1262 200
    endloop
  endfacet
  facet normal 0 0 1
    outer loop
      vertex 90 90 200
      vertex 99.6858 92.4869 200
      vertex 99.5106 93.0902 200
    endloop
  endfacet
  facet normal 0 0 1
    outer loop
      vertex 99.8229 88.1262 200
      vertex 90 90 200
      vertex 99.6858 87.5131 200
    endloop
  endfacet
  facet normal 0 0 1
    outer loop
      vertex 90 90 200
      vertex 99.5106 93.0902 200
      vertex 99.2978 93.6812 200
    endloop
  endfacet
  facet normal 0 0 1
    outer loop
      vertex 99.6858 87.5131 200
      vertex 90 90 200
      vertex 99.5106 86.9098 200
    endloop
  endfacet
  facet normal 0 0 1
    outer loop
      vertex 90 90 200
      vertex 99.2978 93.6812 200
      vertex 99.0483 94.2578 200
    endloop
  endfacet
  facet normal 0 0 1
    outer loop
      vertex 99.5106 86.9098 200
      vertex 90 90 200
      vertex 99.2978 86.3188 200
    endloop
  endfacet
  facet normal 0 0 1
    outer loop
      vertex 90 90 200
      vertex 99.0483 94.2578 200
      vertex 98.7631 94.8175 200
    endloop
  endfacet
  facet normal 0 0 1
    outer loop
      vertex 99.2978 86.3188 200
      vertex 90 90 200
      vertex 99.0483 85.7422 200
    endloop
  endfacet
  facet normal 0 0 1
    outer loop
      vertex 90 90 200
      vertex 98.7631 94.8175 200
      vertex 98.4433 95.3583 200
    endloop
  endfacet
  facet normal 0 0 1
    outer loop
      vertex 99.0483 85.7422 200
      vertex 90 90 200
      vertex 98.7631 85.1825 200
    endloop
  endfacet
  facet normal 0 0 1
    outer loop
      vertex 90 90 200
      vertex 98.4433 95.3583 200
      vertex 98.0902 95.8779 200
    endloop
  endfacet
  facet normal 0 0 1
    outer loop
      vertex 98.7631 85.1825 200
      vertex 90 90 200
      vertex 98.4433 84.6417 200
    endloop
  endfacet
  facet normal 0 0 1
    outer loop
      vertex 90 90 200
      vertex 98.0902 95.8779 200
      vertex 97.7051 96.3742 200
    endloop
  endfacet
  facet normal 0 0 1
    outer loop
      vertex 98.4433 84.6417 200
      vertex 90 90 200
      vertex 98.0902 84.1221 200
    endloop
  endfacet
  facet normal 0 0 1
    outer loop
      vertex 90 90 200
      vertex 97.7051 96.3742 200
      vertex 97.2897 96.8455 200
    endloop
  endfacet
  facet normal 0 0 1
    outer loop
      vertex 98.0902 84.1221 200
      vertex 90 90 200
      vertex 97.7051 83.6258 200
    endloop
  endfacet
  facet normal 0 0 1
    outer loop
      vertex 90 90 200
      vertex 97.2897 96.8455 200
      vertex 96.8455 97.2897 200
    endloop
  endfacet
  facet normal 0 0 1
    outer loop
      vertex 97.7051 83.6258 200
      vertex 90 90 200
      vertex 97.2897 83.1545 200
    endloop
  endfacet
  facet normal 0 0 1
    outer loop
      vertex 90 90 200
      vertex 96.8455 97.2897 200
      vertex 96.3742 97.7051 200
    endloop
  endfacet
  facet normal 0 0 1
    outer loop
      vertex 97.2897 83.1545 200
      vertex 90 90 200
      vertex 96.8455 82.7103 200
    endloop
  endfacet
  facet normal 0 0 1
    outer loop
      vertex 90 90 200
      vertex 96.3742 97.7051 200
      vertex 95.8779 98.0902 200
    endloop
  endfacet
  facet normal 0 0 1
    outer loop
      vertex 96.8455 82.7103 200
      vertex 90 90 200
      vertex 96.3742 82.2949 200
    endloop
  endfacet
  facet normal 0 0 1
    outer loop
      vertex 90 90 200
      vertex 95.8779 98.0902 200
      vertex 95.3583 98.4433 200
    endloop
  endfacet
  facet normal 0 0 1
    outer loop
      vertex 96.3742 82.2949 200
      vertex 90 90 200
      vertex 95.8779 81.9098 200
    endloop
  endfacet
  facet normal 0 0 1
    outer loop
      vertex 90 90 200
      vertex 95.3583 98.4433 200
      vertex 94.8175 98.7631 200
    endloop
  endfacet
  facet normal 0 0 1
    outer loop
      vertex 95.8779 81.9098 200
      vertex 90 90 200
      vertex 95.3583 81.5567 200
    endloop
  endfacet
  facet normal 0 0 1
    outer loop
      vertex 90 90 200
      vertex 94.8175 98.7631 200
      vertex 94.2578 99.0483 200
    endloop
  endfacet
  facet normal 0 0 1
    outer loop
      vertex 95.3583 81.5567 200
      vertex 90 90 200
      vertex 94.8175 81.2369 200
    endloop
  endfacet
  facet normal 0 0 1
    outer loop
      vertex 90 90 200
      vertex 94.2578 99.0483 200
      vertex 93.6812 99.2978 200
    endloop
  endfacet
  facet normal 0 0 1
    outer loop
      vertex 94.8175 81.2369 200
      vertex 90 90 200
      vertex 94.2578 80.9517 200
    endloop
  endfacet
  facet normal 0 0 1
    outer loop
      vertex 90 90 200
      vertex 93.6812 99.2978 200
      vertex 93.0902 99.5106 200
    endloop
  endfacet
  facet normal 0 0 1
    outer loop
      vertex 94.2578 80.9517 200
      vertex 90 90 200
      vertex 93.6812 80.7022 200
    endloop
  endfacet
  facet normal 0 0 1
    outer loop
      vertex 90 90 200
      vertex 93.0902 99.5106 200
      vertex 92.4869 99.6858 200
    endloop
  endfacet
  facet normal 0 0 1
    outer loop
      vertex 93.6812 80.7022 200
      vertex 90 90 200
      vertex 93.0902 80.4894 200
    endloop
  endfacet
  facet normal 0 0 1
    outer loop
      vertex 90 90 200
      vertex 92.4869 99.6858 200
      vertex 91.8738 99.8229 200
    endloop
  endfacet
  facet normal 0 0 1
    outer loop
      vertex 93.0902 80.4894 200
      vertex 90 90 200
      vertex 92.4869 80.3142 200
    endloop
  endfacet
  facet normal 0 0 1
    outer loop
      vertex 90 90 200
      vertex 91.8738 99.8229 200
      vertex 91.2533 99.9211 200
    endloop
  endfacet
  facet normal 0 0 1
    outer loop
      vertex 92.4869 80.3142 200
      vertex 90 90 200
      vertex 91.8738 80.1771 200
    endloop
  endfacet
  facet normal 0 0 1
    outer loop
      vertex 90 90 200
      vertex 91.2533 99.9211 200
      vertex 90.6279 99.9803 200
    endloop
  endfacet
  facet normal 0 0 1
    outer loop
      vertex 91.8738 80.1771 200
      vertex 90 90 200
      vertex 91.2533 80.0788 200
    endloop
  endfacet
  facet normal 0 0 1
    outer loop
      vertex 90 90 200
      vertex 90.6279 99.9803 200
      vertex 90 100 200
    endloop
  endfacet
  facet normal 0 0 1
    outer loop
      vertex 91.2533 80.0788 200
      vertex 90 90 200
      vertex 90.6279 80.0197 200
    endloop
  endfacet
  facet normal 0 0 1
    outer loop
      vertex 90.6279 80.0197 200
      vertex 90 90 200
      vertex 90 80 200
    endloop
  endfacet
  facet normal -0.509008 0.860762 0
    outer loop
      vertex 85.1825 98.7631 10
      vertex 84.6417 98.4433 200
      vertex 85.1825 98.7631 200
    endloop
  endfacet
  facet normal -0.509008 0.860762 0
    outer loop
      vertex 84.6417 98.4433 200
      vertex 85.1825 98.7631 10
      vertex 84.6417 98.4433 10
    endloop
  endfacet
  facet normal -0.613037 0.790055 0
    outer loop
      vertex 84.1221 98.0902 10
      vertex 83.6258 97.7051 200
      vertex 84.1221 98.0902 200
    endloop
  endfacet
  facet normal -0.613037 0.790055 0
    outer loop
      vertex 83.6258 97.7051 200
      vertex 84.1221 98.0902 10
      vertex 83.6258 97.7051 10
    endloop
  endfacet
  facet normal -0.661216 0.750195 0
    outer loop
      vertex 83.6258 97.7051 10
      vertex 83.1545 97.2897 200
      vertex 83.6258 97.7051 200
    endloop
  endfacet
  facet normal -0.661216 0.750195 0
    outer loop
      vertex 83.1545 97.2897 200
      vertex 83.6258 97.7051 10
      vertex 83.1545 97.2897 10
    endloop
  endfacet
  facet normal -0.338776 0.940867 0
    outer loop
      vertex 86.9098 99.5106 10
      vertex 86.3188 99.2978 200
      vertex 86.9098 99.5106 200
    endloop
  endfacet
  facet normal -0.338776 0.940867 0
    outer loop
      vertex 86.3188 99.2978 200
      vertex 86.9098 99.5106 10
      vertex 86.3188 99.2978 10
    endloop
  endfacet
  facet normal -0.0942382 0.99555 0
    outer loop
      vertex 89.3721 99.9803 10
      vertex 88.7467 99.9211 200
      vertex 89.3721 99.9803 200
    endloop
  endfacet
  facet normal -0.0942382 0.99555 0
    outer loop
      vertex 88.7467 99.9211 200
      vertex 89.3721 99.9803 10
      vertex 88.7467 99.9211 10
    endloop
  endfacet
  facet normal 0.0940804 -0.995565 0
    outer loop
      vertex 90.6279 80.0197 10
      vertex 91.2533 80.0788 200
      vertex 90.6279 80.0197 200
    endloop
  endfacet
  facet normal 0.0940804 -0.995565 0
    outer loop
      vertex 91.2533 80.0788 200
      vertex 90.6279 80.0197 10
      vertex 91.2533 80.0788 10
    endloop
  endfacet
  facet normal 0.218228 -0.975898 0
    outer loop
      vertex 91.8738 80.1771 10
      vertex 92.4869 80.3142 200
      vertex 91.8738 80.1771 200
    endloop
  endfacet
  facet normal 0.218228 -0.975898 0
    outer loop
      vertex 92.4869 80.3142 200
      vertex 91.8738 80.1771 10
      vertex 92.4869 80.3142 10
    endloop
  endfacet
  facet normal 0.338776 -0.940867 0
    outer loop
      vertex 93.0902 80.4894 10
      vertex 93.6812 80.7022 200
      vertex 93.0902 80.4894 200
    endloop
  endfacet
  facet normal 0.338776 -0.940867 0
    outer loop
      vertex 93.6812 80.7022 200
      vertex 93.0902 80.4894 10
      vertex 93.6812 80.7022 10
    endloop
  endfacet
  facet normal 0.613037 -0.790055 0
    outer loop
      vertex 95.8779 81.9098 10
      vertex 96.3742 82.2949 200
      vertex 95.8779 81.9098 200
    endloop
  endfacet
  facet normal 0.613037 -0.790055 0
    outer loop
      vertex 96.3742 82.2949 200
      vertex 95.8779 81.9098 10
      vertex 96.3742 82.2949 10
    endloop
  endfacet
  facet normal 0.707107 -0.707107 0
    outer loop
      vertex 96.8455 82.7103 200
      vertex 97.2897 83.1545 10
      vertex 97.2897 83.1545 200
    endloop
  endfacet
  facet normal 0.707107 -0.707107 0
    outer loop
      vertex 97.2897 83.1545 10
      vertex 96.8455 82.7103 200
      vertex 96.8455 82.7103 10
    endloop
  endfacet
  facet normal 0.509008 -0.860762 0
    outer loop
      vertex 94.8175 81.2369 10
      vertex 95.3583 81.5567 200
      vertex 94.8175 81.2369 200
    endloop
  endfacet
  facet normal 0.509008 -0.860762 0
    outer loop
      vertex 95.3583 81.5567 200
      vertex 94.8175 81.2369 10
      vertex 95.3583 81.5567 10
    endloop
  endfacet
  facet normal 0.750195 -0.661216 0
    outer loop
      vertex 97.2897 83.1545 200
      vertex 97.7051 83.6258 10
      vertex 97.7051 83.6258 200
    endloop
  endfacet
  facet normal 0.750195 -0.661216 0
    outer loop
      vertex 97.7051 83.6258 10
      vertex 97.2897 83.1545 200
      vertex 97.2897 83.1545 10
    endloop
  endfacet
  facet normal 0.827095 -0.562062 0
    outer loop
      vertex 98.0902 84.1221 200
      vertex 98.4433 84.6417 10
      vertex 98.4433 84.6417 200
    endloop
  endfacet
  facet normal 0.827095 -0.562062 0
    outer loop
      vertex 98.4433 84.6417 10
      vertex 98.0902 84.1221 200
      vertex 98.0902 84.1221 10
    endloop
  endfacet
  facet normal 0.940867 -0.338776 0
    outer loop
      vertex 99.2978 86.3188 200
      vertex 99.5106 86.9098 10
      vertex 99.5106 86.9098 200
    endloop
  endfacet
  facet normal 0.940867 -0.338776 0
    outer loop
      vertex 99.5106 86.9098 10
      vertex 99.2978 86.3188 200
      vertex 99.2978 86.3188 10
    endloop
  endfacet
  facet normal 0.890995 -0.454014 0
    outer loop
      vertex 98.7631 85.1825 200
      vertex 99.0483 85.7422 10
      vertex 99.0483 85.7422 200
    endloop
  endfacet
  facet normal 0.890995 -0.454014 0
    outer loop
      vertex 99.0483 85.7422 10
      vertex 98.7631 85.1825 200
      vertex 98.7631 85.1825 10
    endloop
  endfacet
  facet normal 0.987707 -0.156314 0
    outer loop
      vertex 99.8229 88.1262 200
      vertex 99.9211 88.7467 10
      vertex 99.9211 88.7467 200
    endloop
  endfacet
  facet normal 0.987707 -0.156314 0
    outer loop
      vertex 99.9211 88.7467 10
      vertex 99.8229 88.1262 200
      vertex 99.8229 88.1262 10
    endloop
  endfacet
  facet normal 0.960326 -0.278881 0
    outer loop
      vertex 99.5106 86.9098 200
      vertex 99.6858 87.5131 10
      vertex 99.6858 87.5131 200
    endloop
  endfacet
  facet normal 0.960326 -0.278881 0
    outer loop
      vertex 99.6858 87.5131 10
      vertex 99.5106 86.9098 200
      vertex 99.5106 86.9098 10
    endloop
  endfacet
  facet normal -0.661216 -0.750195 0
    outer loop
      vertex 83.1545 82.7103 10
      vertex 83.6258 82.2949 190
      vertex 83.1545 82.7103 190
    endloop
  endfacet
  facet normal -0.661216 -0.750195 -0
    outer loop
      vertex 83.6258 82.2949 190
      vertex 83.1545 82.7103 10
      vertex 83.6258 82.2949 10
    endloop
  endfacet
  facet normal -0.562062 -0.827095 0
    outer loop
      vertex 84.1221 81.9098 10
      vertex 84.6417 81.5567 190
      vertex 84.1221 81.9098 190
    endloop
  endfacet
  facet normal -0.562062 -0.827095 -0
    outer loop
      vertex 84.6417 81.5567 190
      vertex 84.1221 81.9098 10
      vertex 84.6417 81.5567 10
    endloop
  endfacet
  facet normal -0.338776 -0.940867 0
    outer loop
      vertex 86.3188 80.7022 10
      vertex 86.9098 80.4894 190
      vertex 86.3188 80.7022 190
    endloop
  endfacet
  facet normal -0.338776 -0.940867 -0
    outer loop
      vertex 86.9098 80.4894 190
      vertex 86.3188 80.7022 10
      vertex 86.9098 80.4894 10
    endloop
  endfacet
  facet normal -0.454014 -0.890995 0
    outer loop
      vertex 85.1825 81.2369 10
      vertex 85.7422 80.9517 190
      vertex 85.1825 81.2369 190
    endloop
  endfacet
  facet normal -0.454014 -0.890995 -0
    outer loop
      vertex 85.7422 80.9517 190
      vertex 85.1825 81.2369 10
      vertex 85.7422 80.9517 10
    endloop
  endfacet
  facet normal -0.156469 -0.987683 0
    outer loop
      vertex 88.1262 80.1771 10
      vertex 88.7467 80.0788 190
      vertex 88.1262 80.1771 190
    endloop
  endfacet
  facet normal -0.156469 -0.987683 -0
    outer loop
      vertex 88.7467 80.0788 190
      vertex 88.1262 80.1771 10
      vertex 88.7467 80.0788 10
    endloop
  endfacet
  facet normal -0.278881 -0.960326 0
    outer loop
      vertex 86.9098 80.4894 10
      vertex 87.5131 80.3142 190
      vertex 86.9098 80.4894 190
    endloop
  endfacet
  facet normal -0.278881 -0.960326 -0
    outer loop
      vertex 87.5131 80.3142 190
      vertex 86.9098 80.4894 10
      vertex 87.5131 80.3142 10
    endloop
  endfacet
  facet normal -0.218228 -0.975898 0
    outer loop
      vertex 87.5131 80.3142 10
      vertex 88.1262 80.1771 190
      vertex 87.5131 80.3142 190
    endloop
  endfacet
  facet normal -0.218228 -0.975898 -0
    outer loop
      vertex 88.1262 80.1771 190
      vertex 87.5131 80.3142 10
      vertex 88.1262 80.1771 10
    endloop
  endfacet
  facet normal -0.031359 -0.999508 0
    outer loop
      vertex 89.3721 80.0197 10
      vertex 90 80 190
      vertex 89.3721 80.0197 190
    endloop
  endfacet
  facet normal -0.031359 -0.999508 -0
    outer loop
      vertex 90 80 190
      vertex 89.3721 80.0197 10
      vertex 90 80 10
    endloop
  endfacet
  facet normal -0.707107 -0.707107 0
    outer loop
      vertex 83.1545 82.7103 10
      vertex 82.7103 83.1545 190
      vertex 82.7103 83.1545 10
    endloop
  endfacet
  facet normal -0.707107 -0.707107 0
    outer loop
      vertex 82.7103 83.1545 190
      vertex 83.1545 82.7103 10
      vertex 83.1545 82.7103 190
    endloop
  endfacet
  facet normal -0.790055 -0.613037 0
    outer loop
      vertex 82.2949 83.6258 10
      vertex 81.9098 84.1221 190
      vertex 81.9098 84.1221 10
    endloop
  endfacet
  facet normal -0.790055 -0.613037 0
    outer loop
      vertex 81.9098 84.1221 190
      vertex 82.2949 83.6258 10
      vertex 82.2949 83.6258 190
    endloop
  endfacet
  facet normal -0.750195 -0.661216 0
    outer loop
      vertex 82.7103 83.1545 10
      vertex 82.2949 83.6258 190
      vertex 82.2949 83.6258 10
    endloop
  endfacet
  facet normal -0.750195 -0.661216 0
    outer loop
      vertex 82.2949 83.6258 190
      vertex 82.7103 83.1545 10
      vertex 82.7103 83.1545 190
    endloop
  endfacet
  facet normal -0.940867 -0.338776 0
    outer loop
      vertex 80.7022 86.3188 10
      vertex 80.4894 86.9098 190
      vertex 80.4894 86.9098 10
    endloop
  endfacet
  facet normal -0.940867 -0.338776 0
    outer loop
      vertex 80.4894 86.9098 190
      vertex 80.7022 86.3188 10
      vertex 80.7022 86.3188 190
    endloop
  endfacet
  facet normal -0.975898 -0.218228 0
    outer loop
      vertex 80.3142 87.5131 10
      vertex 80.1771 88.1262 190
      vertex 80.1771 88.1262 10
    endloop
  endfacet
  facet normal -0.975898 -0.218228 0
    outer loop
      vertex 80.1771 88.1262 190
      vertex 80.3142 87.5131 10
      vertex 80.3142 87.5131 190
    endloop
  endfacet
  facet normal -0.995565 -0.0940804 0
    outer loop
      vertex 80.0788 88.7467 10
      vertex 80.0197 89.3721 190
      vertex 80.0197 89.3721 10
    endloop
  endfacet
  facet normal -0.995565 -0.0940804 0
    outer loop
      vertex 80.0197 89.3721 190
      vertex 80.0788 88.7467 10
      vertex 80.0788 88.7467 190
    endloop
  endfacet
  facet normal -0.999508 -0.031359 0
    outer loop
      vertex 80.0197 89.3721 10
      vertex 80 90 190
      vertex 80 90 10
    endloop
  endfacet
  facet normal -0.999508 -0.031359 0
    outer loop
      vertex 80 90 190
      vertex 80.0197 89.3721 10
      vertex 80.0197 89.3721 190
    endloop
  endfacet
  facet normal 0.156469 -0.987683 0
    outer loop
      vertex 91.2533 80.0788 10
      vertex 91.8738 80.1771 200
      vertex 91.2533 80.0788 200
    endloop
  endfacet
  facet normal 0.156469 -0.987683 0
    outer loop
      vertex 91.8738 80.1771 200
      vertex 91.2533 80.0788 10
      vertex 91.8738 80.1771 10
    endloop
  endfacet
  facet normal 0.397125 -0.917765 0
    outer loop
      vertex 93.6812 80.7022 10
      vertex 94.2578 80.9517 200
      vertex 93.6812 80.7022 200
    endloop
  endfacet
  facet normal 0.397125 -0.917765 0
    outer loop
      vertex 94.2578 80.9517 200
      vertex 93.6812 80.7022 10
      vertex 94.2578 80.9517 10
    endloop
  endfacet
  facet normal 0.661216 -0.750195 0
    outer loop
      vertex 96.3742 82.2949 10
      vertex 96.8455 82.7103 200
      vertex 96.3742 82.2949 200
    endloop
  endfacet
  facet normal 0.661216 -0.750195 0
    outer loop
      vertex 96.8455 82.7103 200
      vertex 96.3742 82.2949 10
      vertex 96.8455 82.7103 10
    endloop
  endfacet
  facet normal 0.562062 -0.827095 0
    outer loop
      vertex 95.3583 81.5567 10
      vertex 95.8779 81.9098 200
      vertex 95.3583 81.5567 200
    endloop
  endfacet
  facet normal 0.562062 -0.827095 0
    outer loop
      vertex 95.8779 81.9098 200
      vertex 95.3583 81.5567 10
      vertex 95.8779 81.9098 10
    endloop
  endfacet
  facet normal 0.790055 -0.613037 0
    outer loop
      vertex 97.7051 83.6258 200
      vertex 98.0902 84.1221 10
      vertex 98.0902 84.1221 200
    endloop
  endfacet
  facet normal 0.790055 -0.613037 0
    outer loop
      vertex 98.0902 84.1221 10
      vertex 97.7051 83.6258 200
      vertex 97.7051 83.6258 10
    endloop
  endfacet
  facet normal 0.860762 -0.509008 0
    outer loop
      vertex 98.4433 84.6417 200
      vertex 98.7631 85.1825 10
      vertex 98.7631 85.1825 200
    endloop
  endfacet
  facet normal 0.860762 -0.509008 0
    outer loop
      vertex 98.7631 85.1825 10
      vertex 98.4433 84.6417 200
      vertex 98.4433 84.6417 10
    endloop
  endfacet
  facet normal 0.917765 -0.397125 0
    outer loop
      vertex 99.0483 85.7422 200
      vertex 99.2978 86.3188 10
      vertex 99.2978 86.3188 200
    endloop
  endfacet
  facet normal 0.917765 -0.397125 0
    outer loop
      vertex 99.2978 86.3188 10
      vertex 99.0483 85.7422 200
      vertex 99.0483 85.7422 10
    endloop
  endfacet
  facet normal 0.99555 -0.0942382 0
    outer loop
      vertex 99.9211 88.7467 200
      vertex 99.9803 89.3721 10
      vertex 99.9803 89.3721 200
    endloop
  endfacet
  facet normal 0.99555 -0.0942382 0
    outer loop
      vertex 99.9803 89.3721 10
      vertex 99.9211 88.7467 200
      vertex 99.9211 88.7467 10
    endloop
  endfacet
  facet normal 0.975898 -0.218228 0
    outer loop
      vertex 99.6858 87.5131 200
      vertex 99.8229 88.1262 10
      vertex 99.8229 88.1262 200
    endloop
  endfacet
  facet normal 0.975898 -0.218228 0
    outer loop
      vertex 99.8229 88.1262 10
      vertex 99.6858 87.5131 200
      vertex 99.6858 87.5131 10
    endloop
  endfacet
  facet normal -0.613037 -0.790055 0
    outer loop
      vertex 83.6258 82.2949 10
      vertex 84.1221 81.9098 190
      vertex 83.6258 82.2949 190
    endloop
  endfacet
  facet normal -0.613037 -0.790055 -0
    outer loop
      vertex 84.1221 81.9098 190
      vertex 83.6258 82.2949 10
      vertex 84.1221 81.9098 10
    endloop
  endfacet
  facet normal -0.509008 -0.860762 0
    outer loop
      vertex 84.6417 81.5567 10
      vertex 85.1825 81.2369 190
      vertex 84.6417 81.5567 190
    endloop
  endfacet
  facet normal -0.509008 -0.860762 -0
    outer loop
      vertex 85.1825 81.2369 190
      vertex 84.6417 81.5567 10
      vertex 85.1825 81.2369 10
    endloop
  endfacet
  facet normal -0.397125 -0.917765 0
    outer loop
      vertex 85.7422 80.9517 10
      vertex 86.3188 80.7022 190
      vertex 85.7422 80.9517 190
    endloop
  endfacet
  facet normal -0.397125 -0.917765 -0
    outer loop
      vertex 86.3188 80.7022 190
      vertex 85.7422 80.9517 10
      vertex 86.3188 80.7022 10
    endloop
  endfacet
  facet normal 0.031359 -0.999508 0
    outer loop
      vertex 90 80 190
      vertex 90.6279 80.0197 200
      vertex 90 80 200
    endloop
  endfacet
  facet normal 0.031359 -0.999508 0
    outer loop
      vertex 90.6279 80.0197 10
      vertex 90 80 190
      vertex 90 80 10
    endloop
  endfacet
  facet normal 0.031359 -0.999508 0
    outer loop
      vertex 90 80 190
      vertex 90.6279 80.0197 10
      vertex 90.6279 80.0197 200
    endloop
  endfacet
  facet normal -0.827095 -0.562062 0
    outer loop
      vertex 81.9098 84.1221 10
      vertex 81.5567 84.6417 190
      vertex 81.5567 84.6417 10
    endloop
  endfacet
  facet normal -0.827095 -0.562062 0
    outer loop
      vertex 81.5567 84.6417 190
      vertex 81.9098 84.1221 10
      vertex 81.9098 84.1221 190
    endloop
  endfacet
  facet normal -0.987683 -0.156469 0
    outer loop
      vertex 80.1771 88.1262 10
      vertex 80.0788 88.7467 190
      vertex 80.0788 88.7467 10
    endloop
  endfacet
  facet normal -0.987683 -0.156469 0
    outer loop
      vertex 80.0788 88.7467 190
      vertex 80.1771 88.1262 10
      vertex 80.1771 88.1262 190
    endloop
  endfacet
  facet normal 0.999508 -0.031359 0
    outer loop
      vertex 99.9803 89.3721 200
      vertex 100 90 10
      vertex 100 90 200
    endloop
  endfacet
  facet normal 0.999508 -0.031359 0
    outer loop
      vertex 100 90 10
      vertex 99.9803 89.3721 200
      vertex 99.9803 89.3721 10
    endloop
  endfacet
  facet normal 0.890995 0.454014 0
    outer loop
      vertex -80.9517 94.2578 200
      vertex -81.2369 94.8175 10
      vertex -81.2369 94.8175 200
    endloop
  endfacet
  facet normal 0.890995 0.454014 0
    outer loop
      vertex -81.2369 94.8175 10
      vertex -80.9517 94.2578 200
      vertex -80.9517 94.2578 10
    endloop
  endfacet
  facet normal 0.397125 0.917765 -0
    outer loop
      vertex -85.7422 99.0483 10
      vertex -86.3188 99.2978 200
      vertex -85.7422 99.0483 200
    endloop
  endfacet
  facet normal 0.397125 0.917765 0
    outer loop
      vertex -86.3188 99.2978 200
      vertex -85.7422 99.0483 10
      vertex -86.3188 99.2978 10
    endloop
  endfacet
  facet normal -0.338776 0.940867 0
    outer loop
      vertex -93.0902 99.5106 10
      vertex -93.6812 99.2978 200
      vertex -93.0902 99.5106 200
    endloop
  endfacet
  facet normal -0.338776 0.940867 0
    outer loop
      vertex -93.6812 99.2978 200
      vertex -93.0902 99.5106 10
      vertex -93.6812 99.2978 10
    endloop
  endfacet
  facet normal -0.917765 0.397125 0
    outer loop
      vertex -99.2978 93.6812 10
      vertex -99.0483 94.2578 200
      vertex -99.0483 94.2578 10
    endloop
  endfacet
  facet normal -0.917765 0.397125 0
    outer loop
      vertex -99.0483 94.2578 200
      vertex -99.2978 93.6812 10
      vertex -99.2978 93.6812 200
    endloop
  endfacet
  facet normal 0.156314 0.987707 -0
    outer loop
      vertex -88.1262 99.8229 10
      vertex -88.7467 99.9211 200
      vertex -88.1262 99.8229 200
    endloop
  endfacet
  facet normal 0.156314 0.987707 0
    outer loop
      vertex -88.7467 99.9211 200
      vertex -88.1262 99.8229 10
      vertex -88.7467 99.9211 10
    endloop
  endfacet
  facet normal 0.562062 0.827095 -0
    outer loop
      vertex -84.1221 98.0902 10
      vertex -84.6417 98.4433 200
      vertex -84.1221 98.0902 200
    endloop
  endfacet
  facet normal 0.562062 0.827095 0
    outer loop
      vertex -84.6417 98.4433 200
      vertex -84.1221 98.0902 10
      vertex -84.6417 98.4433 10
    endloop
  endfacet
  facet normal -0.987707 0.156314 0
    outer loop
      vertex -99.9211 91.2533 10
      vertex -99.8229 91.8738 200
      vertex -99.8229 91.8738 10
    endloop
  endfacet
  facet normal -0.987707 0.156314 0
    outer loop
      vertex -99.8229 91.8738 200
      vertex -99.9211 91.2533 10
      vertex -99.9211 91.2533 200
    endloop
  endfacet
  facet normal -0.707107 0.707107 0
    outer loop
      vertex -97.2897 96.8455 10
      vertex -96.8455 97.2897 200
      vertex -96.8455 97.2897 10
    endloop
  endfacet
  facet normal -0.707107 0.707107 0
    outer loop
      vertex -96.8455 97.2897 200
      vertex -97.2897 96.8455 10
      vertex -97.2897 96.8455 200
    endloop
  endfacet
  facet normal -0.156314 0.987707 0
    outer loop
      vertex -91.2533 99.9211 10
      vertex -91.8738 99.8229 200
      vertex -91.2533 99.9211 200
    endloop
  endfacet
  facet normal -0.156314 0.987707 0
    outer loop
      vertex -91.8738 99.8229 200
      vertex -91.2533 99.9211 10
      vertex -91.8738 99.8229 10
    endloop
  endfacet
  facet normal 0.827095 0.562062 0
    outer loop
      vertex -81.5567 95.3583 200
      vertex -81.9098 95.8779 10
      vertex -81.9098 95.8779 200
    endloop
  endfacet
  facet normal 0.827095 0.562062 0
    outer loop
      vertex -81.9098 95.8779 10
      vertex -81.5567 95.3583 200
      vertex -81.5567 95.3583 10
    endloop
  endfacet
  facet normal 0.707107 0.707107 0
    outer loop
      vertex -82.7103 96.8455 200
      vertex -83.1545 97.2897 10
      vertex -83.1545 97.2897 200
    endloop
  endfacet
  facet normal 0.707107 0.707107 0
    outer loop
      vertex -83.1545 97.2897 10
      vertex -82.7103 96.8455 200
      vertex -82.7103 96.8455 10
    endloop
  endfacet
  facet normal 0.338776 0.940867 -0
    outer loop
      vertex -86.3188 99.2978 10
      vertex -86.9098 99.5106 200
      vertex -86.3188 99.2978 200
    endloop
  endfacet
  facet normal 0.338776 0.940867 0
    outer loop
      vertex -86.9098 99.5106 200
      vertex -86.3188 99.2978 10
      vertex -86.9098 99.5106 10
    endloop
  endfacet
  facet normal 0.218228 0.975898 -0
    outer loop
      vertex -87.5131 99.6858 10
      vertex -88.1262 99.8229 200
      vertex -87.5131 99.6858 200
    endloop
  endfacet
  facet normal 0.218228 0.975898 0
    outer loop
      vertex -88.1262 99.8229 200
      vertex -87.5131 99.6858 10
      vertex -88.1262 99.8229 10
    endloop
  endfacet
  facet normal 0.509008 0.860762 -0
    outer loop
      vertex -84.6417 98.4433 10
      vertex -85.1825 98.7631 200
      vertex -84.6417 98.4433 200
    endloop
  endfacet
  facet normal 0.509008 0.860762 0
    outer loop
      vertex -85.1825 98.7631 200
      vertex -84.6417 98.4433 10
      vertex -85.1825 98.7631 10
    endloop
  endfacet
  facet normal 0.613037 0.790055 -0
    outer loop
      vertex -83.6258 97.7051 10
      vertex -84.1221 98.0902 200
      vertex -83.6258 97.7051 200
    endloop
  endfacet
  facet normal 0.613037 0.790055 0
    outer loop
      vertex -84.1221 98.0902 200
      vertex -83.6258 97.7051 10
      vertex -84.1221 98.0902 10
    endloop
  endfacet
  facet normal -0.940867 0.338776 0
    outer loop
      vertex -99.5106 93.0902 10
      vertex -99.2978 93.6812 200
      vertex -99.2978 93.6812 10
    endloop
  endfacet
  facet normal -0.940867 0.338776 0
    outer loop
      vertex -99.2978 93.6812 200
      vertex -99.5106 93.0902 10
      vertex -99.5106 93.0902 200
    endloop
  endfacet
  facet normal -0.975898 0.218228 0
    outer loop
      vertex -99.8229 91.8738 10
      vertex -99.6858 92.4869 200
      vertex -99.6858 92.4869 10
    endloop
  endfacet
  facet normal -0.975898 0.218228 0
    outer loop
      vertex -99.6858 92.4869 200
      vertex -99.8229 91.8738 10
      vertex -99.8229 91.8738 200
    endloop
  endfacet
  facet normal -0.790055 0.613037 0
    outer loop
      vertex -98.0902 95.8779 10
      vertex -97.7051 96.3742 200
      vertex -97.7051 96.3742 10
    endloop
  endfacet
  facet normal -0.790055 0.613037 0
    outer loop
      vertex -97.7051 96.3742 200
      vertex -98.0902 95.8779 10
      vertex -98.0902 95.8779 200
    endloop
  endfacet
  facet normal -0.278881 0.960326 0
    outer loop
      vertex -92.4869 99.6858 10
      vertex -93.0902 99.5106 200
      vertex -92.4869 99.6858 200
    endloop
  endfacet
  facet normal -0.278881 0.960326 0
    outer loop
      vertex -93.0902 99.5106 200
      vertex -92.4869 99.6858 10
      vertex -93.0902 99.5106 10
    endloop
  endfacet
  facet normal -0.509008 0.860762 0
    outer loop
      vertex -94.8175 98.7631 10
      vertex -95.3583 98.4433 200
      vertex -94.8175 98.7631 200
    endloop
  endfacet
  facet normal -0.509008 0.860762 0
    outer loop
      vertex -95.3583 98.4433 200
      vertex -94.8175 98.7631 10
      vertex -95.3583 98.4433 10
    endloop
  endfacet
  facet normal -0.562062 0.827095 0
    outer loop
      vertex -95.3583 98.4433 10
      vertex -95.8779 98.0902 200
      vertex -95.3583 98.4433 200
    endloop
  endfacet
  facet normal -0.562062 0.827095 0
    outer loop
      vertex -95.8779 98.0902 200
      vertex -95.3583 98.4433 10
      vertex -95.8779 98.0902 10
    endloop
  endfacet
  facet normal -0.397125 0.917765 0
    outer loop
      vertex -93.6812 99.2978 10
      vertex -94.2578 99.0483 200
      vertex -93.6812 99.2978 200
    endloop
  endfacet
  facet normal -0.397125 0.917765 0
    outer loop
      vertex -94.2578 99.0483 200
      vertex -93.6812 99.2978 10
      vertex -94.2578 99.0483 10
    endloop
  endfacet
  facet normal -0.613037 0.790055 0
    outer loop
      vertex -95.8779 98.0902 10
      vertex -96.3742 97.7051 200
      vertex -95.8779 98.0902 200
    endloop
  endfacet
  facet normal -0.613037 0.790055 0
    outer loop
      vertex -96.3742 97.7051 200
      vertex -95.8779 98.0902 10
      vertex -96.3742 97.7051 10
    endloop
  endfacet
  facet normal 0.995565 -0.0940804 0
    outer loop
      vertex -80.0788 88.7467 190
      vertex -80.0197 89.3721 10
      vertex -80.0197 89.3721 190
    endloop
  endfacet
  facet normal 0.995565 -0.0940804 0
    outer loop
      vertex -80.0197 89.3721 10
      vertex -80.0788 88.7467 190
      vertex -80.0788 88.7467 10
    endloop
  endfacet
  facet normal 0.338776 -0.940867 0
    outer loop
      vertex -86.9098 80.4894 10
      vertex -86.3188 80.7022 190
      vertex -86.9098 80.4894 190
    endloop
  endfacet
  facet normal 0.338776 -0.940867 0
    outer loop
      vertex -86.3188 80.7022 190
      vertex -86.9098 80.4894 10
      vertex -86.3188 80.7022 10
    endloop
  endfacet
  facet normal 0.960326 0.278881 0
    outer loop
      vertex -80.3142 92.4869 200
      vertex -80.4894 93.0902 10
      vertex -80.4894 93.0902 200
    endloop
  endfacet
  facet normal 0.960326 0.278881 0
    outer loop
      vertex -80.4894 93.0902 10
      vertex -80.3142 92.4869 200
      vertex -80.3142 92.4869 10
    endloop
  endfacet
  facet normal 0.987683 0.156469 0
    outer loop
      vertex -80.0788 91.2533 200
      vertex -80.1771 91.8738 10
      vertex -80.1771 91.8738 200
    endloop
  endfacet
  facet normal 0.987683 0.156469 0
    outer loop
      vertex -80.1771 91.8738 10
      vertex -80.0788 91.2533 200
      vertex -80.0788 91.2533 10
    endloop
  endfacet
  facet normal 0.860762 0.509008 0
    outer loop
      vertex -81.2369 94.8175 200
      vertex -81.5567 95.3583 10
      vertex -81.5567 95.3583 200
    endloop
  endfacet
  facet normal 0.860762 0.509008 0
    outer loop
      vertex -81.5567 95.3583 10
      vertex -81.2369 94.8175 200
      vertex -81.2369 94.8175 10
    endloop
  endfacet
  facet normal 0.790055 0.613037 0
    outer loop
      vertex -81.9098 95.8779 200
      vertex -82.2949 96.3742 10
      vertex -82.2949 96.3742 200
    endloop
  endfacet
  facet normal 0.790055 0.613037 0
    outer loop
      vertex -82.2949 96.3742 10
      vertex -81.9098 95.8779 200
      vertex -81.9098 95.8779 10
    endloop
  endfacet
  facet normal 0.750195 0.661216 0
    outer loop
      vertex -82.2949 96.3742 200
      vertex -82.7103 96.8455 10
      vertex -82.7103 96.8455 200
    endloop
  endfacet
  facet normal 0.750195 0.661216 0
    outer loop
      vertex -82.7103 96.8455 10
      vertex -82.2949 96.3742 200
      vertex -82.2949 96.3742 10
    endloop
  endfacet
  facet normal 0.031359 0.999508 -0
    outer loop
      vertex -89.3721 99.9803 10
      vertex -90 100 200
      vertex -89.3721 99.9803 200
    endloop
  endfacet
  facet normal 0.031359 0.999508 0
    outer loop
      vertex -90 100 200
      vertex -89.3721 99.9803 10
      vertex -90 100 10
    endloop
  endfacet
  facet normal 0.278881 0.960326 -0
    outer loop
      vertex -86.9098 99.5106 10
      vertex -87.5131 99.6858 200
      vertex -86.9098 99.5106 200
    endloop
  endfacet
  facet normal 0.278881 0.960326 0
    outer loop
      vertex -87.5131 99.6858 200
      vertex -86.9098 99.5106 10
      vertex -87.5131 99.6858 10
    endloop
  endfacet
  facet normal 0.454014 0.890995 -0
    outer loop
      vertex -85.1825 98.7631 10
      vertex -85.7422 99.0483 200
      vertex -85.1825 98.7631 200
    endloop
  endfacet
  facet normal 0.454014 0.890995 0
    outer loop
      vertex -85.7422 99.0483 200
      vertex -85.1825 98.7631 10
      vertex -85.7422 99.0483 10
    endloop
  endfacet
  facet normal 0.661216 0.750195 -0
    outer loop
      vertex -83.1545 97.2897 10
      vertex -83.6258 97.7051 200
      vertex -83.1545 97.2897 200
    endloop
  endfacet
  facet normal 0.661216 0.750195 0
    outer loop
      vertex -83.6258 97.7051 200
      vertex -83.1545 97.2897 10
      vertex -83.6258 97.7051 10
    endloop
  endfacet
  facet normal -0.999508 0.031359 0
    outer loop
      vertex -100 90 10
      vertex -99.9803 90.6279 200
      vertex -99.9803 90.6279 10
    endloop
  endfacet
  facet normal -0.999508 0.031359 0
    outer loop
      vertex -99.9803 90.6279 200
      vertex -100 90 10
      vertex -100 90 200
    endloop
  endfacet
  facet normal -0.960326 0.278881 0
    outer loop
      vertex -99.6858 92.4869 10
      vertex -99.5106 93.0902 200
      vertex -99.5106 93.0902 10
    endloop
  endfacet
  facet normal -0.960326 0.278881 0
    outer loop
      vertex -99.5106 93.0902 200
      vertex -99.6858 92.4869 10
      vertex -99.6858 92.4869 200
    endloop
  endfacet
  facet normal -0.827095 0.562062 0
    outer loop
      vertex -98.4433 95.3583 10
      vertex -98.0902 95.8779 200
      vertex -98.0902 95.8779 10
    endloop
  endfacet
  facet normal -0.827095 0.562062 0
    outer loop
      vertex -98.0902 95.8779 200
      vertex -98.4433 95.3583 10
      vertex -98.4433 95.3583 200
    endloop
  endfacet
  facet normal -0.860762 0.509008 0
    outer loop
      vertex -98.7631 94.8175 10
      vertex -98.4433 95.3583 200
      vertex -98.4433 95.3583 10
    endloop
  endfacet
  facet normal -0.860762 0.509008 0
    outer loop
      vertex -98.4433 95.3583 200
      vertex -98.7631 94.8175 10
      vertex -98.7631 94.8175 200
    endloop
  endfacet
  facet normal -0.750195 0.661216 0
    outer loop
      vertex -97.7051 96.3742 10
      vertex -97.2897 96.8455 200
      vertex -97.2897 96.8455 10
    endloop
  endfacet
  facet normal -0.750195 0.661216 0
    outer loop
      vertex -97.2897 96.8455 200
      vertex -97.7051 96.3742 10
      vertex -97.7051 96.3742 200
    endloop
  endfacet
  facet normal -0.218228 0.975898 0
    outer loop
      vertex -91.8738 99.8229 10
      vertex -92.4869 99.6858 200
      vertex -91.8738 99.8229 200
    endloop
  endfacet
  facet normal -0.218228 0.975898 0
    outer loop
      vertex -92.4869 99.6858 200
      vertex -91.8738 99.8229 10
      vertex -92.4869 99.6858 10
    endloop
  endfacet
  facet normal -0.031359 0.999508 0
    outer loop
      vertex -90 100 10
      vertex -90.6279 99.9803 200
      vertex -90 100 200
    endloop
  endfacet
  facet normal -0.031359 0.999508 0
    outer loop
      vertex -90.6279 99.9803 200
      vertex -90 100 10
      vertex -90.6279 99.9803 10
    endloop
  endfacet
  facet normal -0.0942382 0.99555 0
    outer loop
      vertex -90.6279 99.9803 10
      vertex -91.2533 99.9211 200
      vertex -90.6279 99.9803 200
    endloop
  endfacet
  facet normal -0.0942382 0.99555 0
    outer loop
      vertex -91.2533 99.9211 200
      vertex -90.6279 99.9803 10
      vertex -91.2533 99.9211 10
    endloop
  endfacet
  facet normal -0.454014 0.890995 0
    outer loop
      vertex -94.2578 99.0483 10
      vertex -94.8175 98.7631 200
      vertex -94.2578 99.0483 200
    endloop
  endfacet
  facet normal -0.454014 0.890995 0
    outer loop
      vertex -94.8175 98.7631 200
      vertex -94.2578 99.0483 10
      vertex -94.8175 98.7631 10
    endloop
  endfacet
  facet normal -0.661216 0.750195 0
    outer loop
      vertex -96.3742 97.7051 10
      vertex -96.8455 97.2897 200
      vertex -96.3742 97.7051 200
    endloop
  endfacet
  facet normal -0.661216 0.750195 0
    outer loop
      vertex -96.8455 97.2897 200
      vertex -96.3742 97.7051 10
      vertex -96.8455 97.2897 10
    endloop
  endfacet
  facet normal 0.999508 0.031359 -0
    outer loop
      vertex -80 90 190
      vertex -80.0197 90.6279 200
      vertex -80 90 200
    endloop
  endfacet
  facet normal 0.999508 0.031359 0
    outer loop
      vertex -80.0197 90.6279 200
      vertex -80 90 190
      vertex -80.0197 90.6279 10
    endloop
  endfacet
  facet normal 0.999508 0.031359 0
    outer loop
      vertex -80.0197 90.6279 10
      vertex -80 90 190
      vertex -80 90 10
    endloop
  endfacet
  facet normal 0.987683 -0.156469 0
    outer loop
      vertex -80.1771 88.1262 190
      vertex -80.0788 88.7467 10
      vertex -80.0788 88.7467 190
    endloop
  endfacet
  facet normal 0.987683 -0.156469 0
    outer loop
      vertex -80.0788 88.7467 10
      vertex -80.1771 88.1262 190
      vertex -80.1771 88.1262 10
    endloop
  endfacet
  facet normal 0.750195 -0.661216 0
    outer loop
      vertex -82.7103 83.1545 190
      vertex -82.2949 83.6258 10
      vertex -82.2949 83.6258 190
    endloop
  endfacet
  facet normal 0.750195 -0.661216 0
    outer loop
      vertex -82.2949 83.6258 10
      vertex -82.7103 83.1545 190
      vertex -82.7103 83.1545 10
    endloop
  endfacet
  facet normal 0.827095 -0.562062 0
    outer loop
      vertex -81.9098 84.1221 190
      vertex -81.5567 84.6417 10
      vertex -81.5567 84.6417 190
    endloop
  endfacet
  facet normal 0.827095 -0.562062 0
    outer loop
      vertex -81.5567 84.6417 10
      vertex -81.9098 84.1221 190
      vertex -81.9098 84.1221 10
    endloop
  endfacet
  facet normal -0.031359 -0.999508 0
    outer loop
      vertex -90.6279 80.0197 200
      vertex -90 80 190
      vertex -90 80 200
    endloop
  endfacet
  facet normal -0.031359 -0.999508 0
    outer loop
      vertex -90.6279 80.0197 10
      vertex -90 80 190
      vertex -90.6279 80.0197 200
    endloop
  endfacet
  facet normal -0.031359 -0.999508 -0
    outer loop
      vertex -90 80 190
      vertex -90.6279 80.0197 10
      vertex -90 80 10
    endloop
  endfacet
  facet normal 0.0940804 -0.995565 0
    outer loop
      vertex -89.3721 80.0197 10
      vertex -88.7467 80.0788 190
      vertex -89.3721 80.0197 190
    endloop
  endfacet
  facet normal 0.0940804 -0.995565 0
    outer loop
      vertex -88.7467 80.0788 190
      vertex -89.3721 80.0197 10
      vertex -88.7467 80.0788 10
    endloop
  endfacet
  facet normal 0.917765 0.397125 0
    outer loop
      vertex -80.7022 93.6812 200
      vertex -80.9517 94.2578 10
      vertex -80.9517 94.2578 200
    endloop
  endfacet
  facet normal 0.917765 0.397125 0
    outer loop
      vertex -80.9517 94.2578 10
      vertex -80.7022 93.6812 200
      vertex -80.7022 93.6812 10
    endloop
  endfacet
  facet normal 0.940867 0.338776 0
    outer loop
      vertex -80.4894 93.0902 200
      vertex -80.7022 93.6812 10
      vertex -80.7022 93.6812 200
    endloop
  endfacet
  facet normal 0.940867 0.338776 0
    outer loop
      vertex -80.7022 93.6812 10
      vertex -80.4894 93.0902 200
      vertex -80.4894 93.0902 10
    endloop
  endfacet
  facet normal 0.975898 0.218228 0
    outer loop
      vertex -80.1771 91.8738 200
      vertex -80.3142 92.4869 10
      vertex -80.3142 92.4869 200
    endloop
  endfacet
  facet normal 0.975898 0.218228 0
    outer loop
      vertex -80.3142 92.4869 10
      vertex -80.1771 91.8738 200
      vertex -80.1771 91.8738 10
    endloop
  endfacet
  facet normal 0.995565 0.0940804 0
    outer loop
      vertex -80.0197 90.6279 200
      vertex -80.0788 91.2533 10
      vertex -80.0788 91.2533 200
    endloop
  endfacet
  facet normal 0.995565 0.0940804 0
    outer loop
      vertex -80.0788 91.2533 10
      vertex -80.0197 90.6279 200
      vertex -80.0197 90.6279 10
    endloop
  endfacet
  facet normal 0.0942382 0.99555 -0
    outer loop
      vertex -88.7467 99.9211 10
      vertex -89.3721 99.9803 200
      vertex -88.7467 99.9211 200
    endloop
  endfacet
  facet normal 0.0942382 0.99555 0
    outer loop
      vertex -89.3721 99.9803 200
      vertex -88.7467 99.9211 10
      vertex -89.3721 99.9803 10
    endloop
  endfacet
  facet normal 0 0 1
    outer loop
      vertex -90 90 200
      vertex -80.0197 90.6279 200
      vertex -80.0788 91.2533 200
    endloop
  endfacet
  facet normal 0 0 1
    outer loop
      vertex -90 90 200
      vertex -80.0788 91.2533 200
      vertex -80.1771 91.8738 200
    endloop
  endfacet
  facet normal 0 0 1
    outer loop
      vertex -90 90 200
      vertex -80.1771 91.8738 200
      vertex -80.3142 92.4869 200
    endloop
  endfacet
  facet normal 0 0 1
    outer loop
      vertex -90 90 200
      vertex -80.3142 92.4869 200
      vertex -80.4894 93.0902 200
    endloop
  endfacet
  facet normal 0 0 1
    outer loop
      vertex -90 90 200
      vertex -80.4894 93.0902 200
      vertex -80.7022 93.6812 200
    endloop
  endfacet
  facet normal 0 0 1
    outer loop
      vertex -90 90 200
      vertex -80.7022 93.6812 200
      vertex -80.9517 94.2578 200
    endloop
  endfacet
  facet normal 0 0 1
    outer loop
      vertex -90 90 200
      vertex -80.9517 94.2578 200
      vertex -81.2369 94.8175 200
    endloop
  endfacet
  facet normal 0 0 1
    outer loop
      vertex -90 90 200
      vertex -81.2369 94.8175 200
      vertex -81.5567 95.3583 200
    endloop
  endfacet
  facet normal 0 0 1
    outer loop
      vertex -90 90 200
      vertex -81.5567 95.3583 200
      vertex -81.9098 95.8779 200
    endloop
  endfacet
  facet normal 0 0 1
    outer loop
      vertex -90 90 200
      vertex -81.9098 95.8779 200
      vertex -82.2949 96.3742 200
    endloop
  endfacet
  facet normal 0 0 1
    outer loop
      vertex -90 90 200
      vertex -82.2949 96.3742 200
      vertex -82.7103 96.8455 200
    endloop
  endfacet
  facet normal 0 0 1
    outer loop
      vertex -90 90 200
      vertex -82.7103 96.8455 200
      vertex -83.1545 97.2897 200
    endloop
  endfacet
  facet normal 0 0 1
    outer loop
      vertex -90 90 200
      vertex -83.1545 97.2897 200
      vertex -83.6258 97.7051 200
    endloop
  endfacet
  facet normal 0 0 1
    outer loop
      vertex -90 90 200
      vertex -83.6258 97.7051 200
      vertex -84.1221 98.0902 200
    endloop
  endfacet
  facet normal 0 0 1
    outer loop
      vertex -90 90 200
      vertex -84.1221 98.0902 200
      vertex -84.6417 98.4433 200
    endloop
  endfacet
  facet normal 0 0 1
    outer loop
      vertex -90 90 200
      vertex -84.6417 98.4433 200
      vertex -85.1825 98.7631 200
    endloop
  endfacet
  facet normal 0 0 1
    outer loop
      vertex -90 90 200
      vertex -85.1825 98.7631 200
      vertex -85.7422 99.0483 200
    endloop
  endfacet
  facet normal 0 0 1
    outer loop
      vertex -90 90 200
      vertex -85.7422 99.0483 200
      vertex -86.3188 99.2978 200
    endloop
  endfacet
  facet normal 0 0 1
    outer loop
      vertex -90 90 200
      vertex -86.3188 99.2978 200
      vertex -86.9098 99.5106 200
    endloop
  endfacet
  facet normal 0 0 1
    outer loop
      vertex -90 90 200
      vertex -86.9098 99.5106 200
      vertex -87.5131 99.6858 200
    endloop
  endfacet
  facet normal 0 0 1
    outer loop
      vertex -90 90 200
      vertex -87.5131 99.6858 200
      vertex -88.1262 99.8229 200
    endloop
  endfacet
  facet normal 0 0 1
    outer loop
      vertex -90 90 200
      vertex -88.1262 99.8229 200
      vertex -88.7467 99.9211 200
    endloop
  endfacet
  facet normal 0 0 1
    outer loop
      vertex -90 90 200
      vertex -88.7467 99.9211 200
      vertex -89.3721 99.9803 200
    endloop
  endfacet
  facet normal 0 0 1
    outer loop
      vertex -90 90 200
      vertex -89.3721 99.9803 200
      vertex -90 100 200
    endloop
  endfacet
  facet normal 0 0 1
    outer loop
      vertex -80.0197 90.6279 200
      vertex -90 90 200
      vertex -80 90 200
    endloop
  endfacet
  facet normal -0 0 1
    outer loop
      vertex -90.6279 99.9803 200
      vertex -90 90 200
      vertex -90 100 200
    endloop
  endfacet
  facet normal -0 0 1
    outer loop
      vertex -91.2533 99.9211 200
      vertex -90 90 200
      vertex -90.6279 99.9803 200
    endloop
  endfacet
  facet normal 0 0 1
    outer loop
      vertex -90 90 200
      vertex -90.6279 80.0197 200
      vertex -90 80 200
    endloop
  endfacet
  facet normal -0 0 1
    outer loop
      vertex -91.8738 99.8229 200
      vertex -90 90 200
      vertex -91.2533 99.9211 200
    endloop
  endfacet
  facet normal 0 0 1
    outer loop
      vertex -90 90 200
      vertex -91.2533 80.0788 200
      vertex -90.6279 80.0197 200
    endloop
  endfacet
  facet normal -0 0 1
    outer loop
      vertex -92.4869 99.6858 200
      vertex -90 90 200
      vertex -91.8738 99.8229 200
    endloop
  endfacet
  facet normal 0 0 1
    outer loop
      vertex -90 90 200
      vertex -91.8738 80.1771 200
      vertex -91.2533 80.0788 200
    endloop
  endfacet
  facet normal -0 0 1
    outer loop
      vertex -93.0902 99.5106 200
      vertex -90 90 200
      vertex -92.4869 99.6858 200
    endloop
  endfacet
  facet normal 0 0 1
    outer loop
      vertex -90 90 200
      vertex -92.4869 80.3142 200
      vertex -91.8738 80.1771 200
    endloop
  endfacet
  facet normal -0 0 1
    outer loop
      vertex -93.6812 99.2978 200
      vertex -90 90 200
      vertex -93.0902 99.5106 200
    endloop
  endfacet
  facet normal 0 0 1
    outer loop
      vertex -90 90 200
      vertex -93.0902 80.4894 200
      vertex -92.4869 80.3142 200
    endloop
  endfacet
  facet normal -0 0 1
    outer loop
      vertex -94.2578 99.0483 200
      vertex -90 90 200
      vertex -93.6812 99.2978 200
    endloop
  endfacet
  facet normal 0 0 1
    outer loop
      vertex -90 90 200
      vertex -93.6812 80.7022 200
      vertex -93.0902 80.4894 200
    endloop
  endfacet
  facet normal -0 0 1
    outer loop
      vertex -94.8175 98.7631 200
      vertex -90 90 200
      vertex -94.2578 99.0483 200
    endloop
  endfacet
  facet normal 0 0 1
    outer loop
      vertex -90 90 200
      vertex -94.2578 80.9517 200
      vertex -93.6812 80.7022 200
    endloop
  endfacet
  facet normal -0 0 1
    outer loop
      vertex -95.3583 98.4433 200
      vertex -90 90 200
      vertex -94.8175 98.7631 200
    endloop
  endfacet
  facet normal 0 0 1
    outer loop
      vertex -90 90 200
      vertex -94.8175 81.2369 200
      vertex -94.2578 80.9517 200
    endloop
  endfacet
  facet normal -0 0 1
    outer loop
      vertex -95.8779 98.0902 200
      vertex -90 90 200
      vertex -95.3583 98.4433 200
    endloop
  endfacet
  facet normal 0 0 1
    outer loop
      vertex -90 90 200
      vertex -95.3583 81.5567 200
      vertex -94.8175 81.2369 200
    endloop
  endfacet
  facet normal -0 0 1
    outer loop
      vertex -96.3742 97.7051 200
      vertex -90 90 200
      vertex -95.8779 98.0902 200
    endloop
  endfacet
  facet normal 0 0 1
    outer loop
      vertex -90 90 200
      vertex -95.8779 81.9098 200
      vertex -95.3583 81.5567 200
    endloop
  endfacet
  facet normal -0 0 1
    outer loop
      vertex -96.8455 97.2897 200
      vertex -90 90 200
      vertex -96.3742 97.7051 200
    endloop
  endfacet
  facet normal 0 0 1
    outer loop
      vertex -90 90 200
      vertex -96.3742 82.2949 200
      vertex -95.8779 81.9098 200
    endloop
  endfacet
  facet normal -0 0 1
    outer loop
      vertex -97.2897 96.8455 200
      vertex -90 90 200
      vertex -96.8455 97.2897 200
    endloop
  endfacet
  facet normal 0 0 1
    outer loop
      vertex -90 90 200
      vertex -96.8455 82.7103 200
      vertex -96.3742 82.2949 200
    endloop
  endfacet
  facet normal -0 0 1
    outer loop
      vertex -97.7051 96.3742 200
      vertex -90 90 200
      vertex -97.2897 96.8455 200
    endloop
  endfacet
  facet normal 0 0 1
    outer loop
      vertex -90 90 200
      vertex -97.2897 83.1545 200
      vertex -96.8455 82.7103 200
    endloop
  endfacet
  facet normal -0 0 1
    outer loop
      vertex -98.0902 95.8779 200
      vertex -90 90 200
      vertex -97.7051 96.3742 200
    endloop
  endfacet
  facet normal 0 0 1
    outer loop
      vertex -90 90 200
      vertex -97.7051 83.6258 200
      vertex -97.2897 83.1545 200
    endloop
  endfacet
  facet normal -0 0 1
    outer loop
      vertex -98.4433 95.3583 200
      vertex -90 90 200
      vertex -98.0902 95.8779 200
    endloop
  endfacet
  facet normal 0 0 1
    outer loop
      vertex -90 90 200
      vertex -98.0902 84.1221 200
      vertex -97.7051 83.6258 200
    endloop
  endfacet
  facet normal -0 0 1
    outer loop
      vertex -98.7631 94.8175 200
      vertex -90 90 200
      vertex -98.4433 95.3583 200
    endloop
  endfacet
  facet normal 0 0 1
    outer loop
      vertex -90 90 200
      vertex -98.4433 84.6417 200
      vertex -98.0902 84.1221 200
    endloop
  endfacet
  facet normal -0 0 1
    outer loop
      vertex -99.0483 94.2578 200
      vertex -90 90 200
      vertex -98.7631 94.8175 200
    endloop
  endfacet
  facet normal 0 0 1
    outer loop
      vertex -90 90 200
      vertex -98.7631 85.1825 200
      vertex -98.4433 84.6417 200
    endloop
  endfacet
  facet normal -0 0 1
    outer loop
      vertex -99.2978 93.6812 200
      vertex -90 90 200
      vertex -99.0483 94.2578 200
    endloop
  endfacet
  facet normal 0 0 1
    outer loop
      vertex -90 90 200
      vertex -99.0483 85.7422 200
      vertex -98.7631 85.1825 200
    endloop
  endfacet
  facet normal -0 0 1
    outer loop
      vertex -99.5106 93.0902 200
      vertex -90 90 200
      vertex -99.2978 93.6812 200
    endloop
  endfacet
  facet normal 0 0 1
    outer loop
      vertex -90 90 200
      vertex -99.2978 86.3188 200
      vertex -99.0483 85.7422 200
    endloop
  endfacet
  facet normal -0 0 1
    outer loop
      vertex -99.6858 92.4869 200
      vertex -90 90 200
      vertex -99.5106 93.0902 200
    endloop
  endfacet
  facet normal 0 0 1
    outer loop
      vertex -90 90 200
      vertex -99.5106 86.9098 200
      vertex -99.2978 86.3188 200
    endloop
  endfacet
  facet normal -0 0 1
    outer loop
      vertex -99.8229 91.8738 200
      vertex -90 90 200
      vertex -99.6858 92.4869 200
    endloop
  endfacet
  facet normal 0 0 1
    outer loop
      vertex -90 90 200
      vertex -99.6858 87.5131 200
      vertex -99.5106 86.9098 200
    endloop
  endfacet
  facet normal -0 0 1
    outer loop
      vertex -99.9211 91.2533 200
      vertex -90 90 200
      vertex -99.8229 91.8738 200
    endloop
  endfacet
  facet normal 0 0 1
    outer loop
      vertex -90 90 200
      vertex -99.8229 88.1262 200
      vertex -99.6858 87.5131 200
    endloop
  endfacet
  facet normal -0 0 1
    outer loop
      vertex -99.9803 90.6279 200
      vertex -90 90 200
      vertex -99.9211 91.2533 200
    endloop
  endfacet
  facet normal 0 0 1
    outer loop
      vertex -90 90 200
      vertex -99.9211 88.7467 200
      vertex -99.8229 88.1262 200
    endloop
  endfacet
  facet normal 0 0 1
    outer loop
      vertex -100 90 200
      vertex -90 90 200
      vertex -99.9803 90.6279 200
    endloop
  endfacet
  facet normal 0 0 1
    outer loop
      vertex -90 90 200
      vertex -99.9803 89.3721 200
      vertex -99.9211 88.7467 200
    endloop
  endfacet
  facet normal 0 0 1
    outer loop
      vertex -90 90 200
      vertex -100 90 200
      vertex -99.9803 89.3721 200
    endloop
  endfacet
  facet normal -0.99555 0.0942382 0
    outer loop
      vertex -99.9803 90.6279 10
      vertex -99.9211 91.2533 200
      vertex -99.9211 91.2533 10
    endloop
  endfacet
  facet normal -0.99555 0.0942382 0
    outer loop
      vertex -99.9211 91.2533 200
      vertex -99.9803 90.6279 10
      vertex -99.9803 90.6279 200
    endloop
  endfacet
  facet normal -0.890995 0.454014 0
    outer loop
      vertex -99.0483 94.2578 10
      vertex -98.7631 94.8175 200
      vertex -98.7631 94.8175 10
    endloop
  endfacet
  facet normal -0.890995 0.454014 0
    outer loop
      vertex -98.7631 94.8175 200
      vertex -99.0483 94.2578 10
      vertex -99.0483 94.2578 200
    endloop
  endfacet
  facet normal 0.960326 -0.278881 0
    outer loop
      vertex -80.4894 86.9098 190
      vertex -80.3142 87.5131 10
      vertex -80.3142 87.5131 190
    endloop
  endfacet
  facet normal 0.960326 -0.278881 0
    outer loop
      vertex -80.3142 87.5131 10
      vertex -80.4894 86.9098 190
      vertex -80.4894 86.9098 10
    endloop
  endfacet
  facet normal 0.999508 -0.031359 0
    outer loop
      vertex -80.0197 89.3721 190
      vertex -80 90 10
      vertex -80 90 190
    endloop
  endfacet
  facet normal 0.999508 -0.031359 0
    outer loop
      vertex -80 90 10
      vertex -80.0197 89.3721 190
      vertex -80.0197 89.3721 10
    endloop
  endfacet
  facet normal 0.975898 -0.218228 0
    outer loop
      vertex -80.3142 87.5131 190
      vertex -80.1771 88.1262 10
      vertex -80.1771 88.1262 190
    endloop
  endfacet
  facet normal 0.975898 -0.218228 0
    outer loop
      vertex -80.1771 88.1262 10
      vertex -80.3142 87.5131 190
      vertex -80.3142 87.5131 10
    endloop
  endfacet
  facet normal 0.890995 -0.454014 0
    outer loop
      vertex -81.2369 85.1825 190
      vertex -80.9517 85.7422 10
      vertex -80.9517 85.7422 190
    endloop
  endfacet
  facet normal 0.890995 -0.454014 0
    outer loop
      vertex -80.9517 85.7422 10
      vertex -81.2369 85.1825 190
      vertex -81.2369 85.1825 10
    endloop
  endfacet
  facet normal 0.940867 -0.338776 0
    outer loop
      vertex -80.7022 86.3188 190
      vertex -80.4894 86.9098 10
      vertex -80.4894 86.9098 190
    endloop
  endfacet
  facet normal 0.940867 -0.338776 0
    outer loop
      vertex -80.4894 86.9098 10
      vertex -80.7022 86.3188 190
      vertex -80.7022 86.3188 10
    endloop
  endfacet
  facet normal 0.454014 -0.890995 0
    outer loop
      vertex -85.7422 80.9517 10
      vertex -85.1825 81.2369 190
      vertex -85.7422 80.9517 190
    endloop
  endfacet
  facet normal 0.454014 -0.890995 0
    outer loop
      vertex -85.1825 81.2369 190
      vertex -85.7422 80.9517 10
      vertex -85.1825 81.2369 10
    endloop
  endfacet
  facet normal -0.454014 -0.890995 0
    outer loop
      vertex -94.8175 81.2369 10
      vertex -94.2578 80.9517 200
      vertex -94.8175 81.2369 200
    endloop
  endfacet
  facet normal -0.454014 -0.890995 -0
    outer loop
      vertex -94.2578 80.9517 200
      vertex -94.8175 81.2369 10
      vertex -94.2578 80.9517 10
    endloop
  endfacet
  facet normal -0.999508 -0.031359 0
    outer loop
      vertex -99.9803 89.3721 10
      vertex -100 90 200
      vertex -100 90 10
    endloop
  endfacet
  facet normal -0.999508 -0.031359 0
    outer loop
      vertex -100 90 200
      vertex -99.9803 89.3721 10
      vertex -99.9803 89.3721 200
    endloop
  endfacet
  facet normal -0.890995 -0.454014 0
    outer loop
      vertex -98.7631 85.1825 10
      vertex -99.0483 85.7422 200
      vertex -99.0483 85.7422 10
    endloop
  endfacet
  facet normal -0.890995 -0.454014 0
    outer loop
      vertex -99.0483 85.7422 200
      vertex -98.7631 85.1825 10
      vertex -98.7631 85.1825 200
    endloop
  endfacet
  facet normal -0.750195 -0.661216 0
    outer loop
      vertex -97.2897 83.1545 10
      vertex -97.7051 83.6258 200
      vertex -97.7051 83.6258 10
    endloop
  endfacet
  facet normal -0.750195 -0.661216 0
    outer loop
      vertex -97.7051 83.6258 200
      vertex -97.2897 83.1545 10
      vertex -97.2897 83.1545 200
    endloop
  endfacet
  facet normal -0.987707 -0.156314 0
    outer loop
      vertex -99.8229 88.1262 10
      vertex -99.9211 88.7467 200
      vertex -99.9211 88.7467 10
    endloop
  endfacet
  facet normal -0.987707 -0.156314 0
    outer loop
      vertex -99.9211 88.7467 200
      vertex -99.8229 88.1262 10
      vertex -99.8229 88.1262 200
    endloop
  endfacet
  facet normal -0.940867 -0.338776 0
    outer loop
      vertex -99.2978 86.3188 10
      vertex -99.5106 86.9098 200
      vertex -99.5106 86.9098 10
    endloop
  endfacet
  facet normal -0.940867 -0.338776 0
    outer loop
      vertex -99.5106 86.9098 200
      vertex -99.2978 86.3188 10
      vertex -99.2978 86.3188 200
    endloop
  endfacet
  facet normal 0.156469 -0.987683 0
    outer loop
      vertex -88.7467 80.0788 10
      vertex -88.1262 80.1771 190
      vertex -88.7467 80.0788 190
    endloop
  endfacet
  facet normal 0.156469 -0.987683 0
    outer loop
      vertex -88.1262 80.1771 190
      vertex -88.7467 80.0788 10
      vertex -88.1262 80.1771 10
    endloop
  endfacet
  facet normal 0.397125 -0.917765 0
    outer loop
      vertex -86.3188 80.7022 10
      vertex -85.7422 80.9517 190
      vertex -86.3188 80.7022 190
    endloop
  endfacet
  facet normal 0.397125 -0.917765 0
    outer loop
      vertex -85.7422 80.9517 190
      vertex -86.3188 80.7022 10
      vertex -85.7422 80.9517 10
    endloop
  endfacet
  facet normal 0.917765 -0.397125 0
    outer loop
      vertex -80.9517 85.7422 190
      vertex -80.7022 86.3188 10
      vertex -80.7022 86.3188 190
    endloop
  endfacet
  facet normal 0.917765 -0.397125 0
    outer loop
      vertex -80.7022 86.3188 10
      vertex -80.9517 85.7422 190
      vertex -80.9517 85.7422 10
    endloop
  endfacet
  facet normal 0.562062 -0.827095 0
    outer loop
      vertex -84.6417 81.5567 10
      vertex -84.1221 81.9098 190
      vertex -84.6417 81.5567 190
    endloop
  endfacet
  facet normal 0.562062 -0.827095 0
    outer loop
      vertex -84.1221 81.9098 190
      vertex -84.6417 81.5567 10
      vertex -84.1221 81.9098 10
    endloop
  endfacet
  facet normal 0.509008 -0.860762 0
    outer loop
      vertex -85.1825 81.2369 10
      vertex -84.6417 81.5567 190
      vertex -85.1825 81.2369 190
    endloop
  endfacet
  facet normal 0.509008 -0.860762 0
    outer loop
      vertex -84.6417 81.5567 190
      vertex -85.1825 81.2369 10
      vertex -84.6417 81.5567 10
    endloop
  endfacet
  facet normal 0.707107 -0.707107 0
    outer loop
      vertex -83.1545 82.7103 190
      vertex -82.7103 83.1545 10
      vertex -82.7103 83.1545 190
    endloop
  endfacet
  facet normal 0.707107 -0.707107 0
    outer loop
      vertex -82.7103 83.1545 10
      vertex -83.1545 82.7103 190
      vertex -83.1545 82.7103 10
    endloop
  endfacet
  facet normal 0.790055 -0.613037 0
    outer loop
      vertex -82.2949 83.6258 190
      vertex -81.9098 84.1221 10
      vertex -81.9098 84.1221 190
    endloop
  endfacet
  facet normal 0.790055 -0.613037 0
    outer loop
      vertex -81.9098 84.1221 10
      vertex -82.2949 83.6258 190
      vertex -82.2949 83.6258 10
    endloop
  endfacet
  facet normal 0.860762 -0.509008 0
    outer loop
      vertex -81.5567 84.6417 190
      vertex -81.2369 85.1825 10
      vertex -81.2369 85.1825 190
    endloop
  endfacet
  facet normal 0.860762 -0.509008 0
    outer loop
      vertex -81.2369 85.1825 10
      vertex -81.5567 84.6417 190
      vertex -81.5567 84.6417 10
    endloop
  endfacet
  facet normal -0.278881 -0.960326 0
    outer loop
      vertex -93.0902 80.4894 10
      vertex -92.4869 80.3142 200
      vertex -93.0902 80.4894 200
    endloop
  endfacet
  facet normal -0.278881 -0.960326 -0
    outer loop
      vertex -92.4869 80.3142 200
      vertex -93.0902 80.4894 10
      vertex -92.4869 80.3142 10
    endloop
  endfacet
  facet normal 0.031359 -0.999508 0
    outer loop
      vertex -90 80 10
      vertex -89.3721 80.0197 190
      vertex -90 80 190
    endloop
  endfacet
  facet normal 0.031359 -0.999508 0
    outer loop
      vertex -89.3721 80.0197 190
      vertex -90 80 10
      vertex -89.3721 80.0197 10
    endloop
  endfacet
  facet normal -0.0940804 -0.995565 0
    outer loop
      vertex -91.2533 80.0788 10
      vertex -90.6279 80.0197 200
      vertex -91.2533 80.0788 200
    endloop
  endfacet
  facet normal -0.0940804 -0.995565 -0
    outer loop
      vertex -90.6279 80.0197 200
      vertex -91.2533 80.0788 10
      vertex -90.6279 80.0197 10
    endloop
  endfacet
  facet normal -0.860762 -0.509008 0
    outer loop
      vertex -98.4433 84.6417 10
      vertex -98.7631 85.1825 200
      vertex -98.7631 85.1825 10
    endloop
  endfacet
  facet normal -0.860762 -0.509008 0
    outer loop
      vertex -98.7631 85.1825 200
      vertex -98.4433 84.6417 10
      vertex -98.4433 84.6417 200
    endloop
  endfacet
  facet normal -0.917765 -0.397125 0
    outer loop
      vertex -99.0483 85.7422 10
      vertex -99.2978 86.3188 200
      vertex -99.2978 86.3188 10
    endloop
  endfacet
  facet normal -0.917765 -0.397125 0
    outer loop
      vertex -99.2978 86.3188 200
      vertex -99.0483 85.7422 10
      vertex -99.0483 85.7422 200
    endloop
  endfacet
  facet normal -0.707107 -0.707107 0
    outer loop
      vertex -96.8455 82.7103 10
      vertex -97.2897 83.1545 200
      vertex -97.2897 83.1545 10
    endloop
  endfacet
  facet normal -0.707107 -0.707107 0
    outer loop
      vertex -97.2897 83.1545 200
      vertex -96.8455 82.7103 10
      vertex -96.8455 82.7103 200
    endloop
  endfacet
  facet normal -0.99555 -0.0942382 0
    outer loop
      vertex -99.9211 88.7467 10
      vertex -99.9803 89.3721 200
      vertex -99.9803 89.3721 10
    endloop
  endfacet
  facet normal -0.99555 -0.0942382 0
    outer loop
      vertex -99.9803 89.3721 200
      vertex -99.9211 88.7467 10
      vertex -99.9211 88.7467 200
    endloop
  endfacet
  facet normal -0.960326 -0.278881 0
    outer loop
      vertex -99.5106 86.9098 10
      vertex -99.6858 87.5131 200
      vertex -99.6858 87.5131 10
    endloop
  endfacet
  facet normal -0.960326 -0.278881 0
    outer loop
      vertex -99.6858 87.5131 200
      vertex -99.5106 86.9098 10
      vertex -99.5106 86.9098 200
    endloop
  endfacet
  facet normal -0.975898 -0.218228 0
    outer loop
      vertex -99.6858 87.5131 10
      vertex -99.8229 88.1262 200
      vertex -99.8229 88.1262 10
    endloop
  endfacet
  facet normal -0.975898 -0.218228 0
    outer loop
      vertex -99.8229 88.1262 200
      vertex -99.6858 87.5131 10
      vertex -99.6858 87.5131 200
    endloop
  endfacet
  facet normal 0.278881 -0.960326 0
    outer loop
      vertex -87.5131 80.3142 10
      vertex -86.9098 80.4894 190
      vertex -87.5131 80.3142 190
    endloop
  endfacet
  facet normal 0.278881 -0.960326 0
    outer loop
      vertex -86.9098 80.4894 190
      vertex -87.5131 80.3142 10
      vertex -86.9098 80.4894 10
    endloop
  endfacet
  facet normal 0.218228 -0.975898 0
    outer loop
      vertex -88.1262 80.1771 10
      vertex -87.5131 80.3142 190
      vertex -88.1262 80.1771 190
    endloop
  endfacet
  facet normal 0.218228 -0.975898 0
    outer loop
      vertex -87.5131 80.3142 190
      vertex -88.1262 80.1771 10
      vertex -87.5131 80.3142 10
    endloop
  endfacet
  facet normal 0.661216 -0.750195 0
    outer loop
      vertex -83.6258 82.2949 10
      vertex -83.1545 82.7103 190
      vertex -83.6258 82.2949 190
    endloop
  endfacet
  facet normal 0.661216 -0.750195 0
    outer loop
      vertex -83.1545 82.7103 190
      vertex -83.6258 82.2949 10
      vertex -83.1545 82.7103 10
    endloop
  endfacet
  facet normal 0.613037 -0.790055 0
    outer loop
      vertex -84.1221 81.9098 10
      vertex -83.6258 82.2949 190
      vertex -84.1221 81.9098 190
    endloop
  endfacet
  facet normal 0.613037 -0.790055 0
    outer loop
      vertex -83.6258 82.2949 190
      vertex -84.1221 81.9098 10
      vertex -83.6258 82.2949 10
    endloop
  endfacet
  facet normal -0.661216 -0.750195 0
    outer loop
      vertex -96.8455 82.7103 10
      vertex -96.3742 82.2949 200
      vertex -96.8455 82.7103 200
    endloop
  endfacet
  facet normal -0.661216 -0.750195 -0
    outer loop
      vertex -96.3742 82.2949 200
      vertex -96.8455 82.7103 10
      vertex -96.3742 82.2949 10
    endloop
  endfacet
  facet normal -0.509008 -0.860762 0
    outer loop
      vertex -95.3583 81.5567 10
      vertex -94.8175 81.2369 200
      vertex -95.3583 81.5567 200
    endloop
  endfacet
  facet normal -0.509008 -0.860762 -0
    outer loop
      vertex -94.8175 81.2369 200
      vertex -95.3583 81.5567 10
      vertex -94.8175 81.2369 10
    endloop
  endfacet
  facet normal -0.562062 -0.827095 0
    outer loop
      vertex -95.8779 81.9098 10
      vertex -95.3583 81.5567 200
      vertex -95.8779 81.9098 200
    endloop
  endfacet
  facet normal -0.562062 -0.827095 -0
    outer loop
      vertex -95.3583 81.5567 200
      vertex -95.8779 81.9098 10
      vertex -95.3583 81.5567 10
    endloop
  endfacet
  facet normal -0.338776 -0.940867 0
    outer loop
      vertex -93.6812 80.7022 10
      vertex -93.0902 80.4894 200
      vertex -93.6812 80.7022 200
    endloop
  endfacet
  facet normal -0.338776 -0.940867 -0
    outer loop
      vertex -93.0902 80.4894 200
      vertex -93.6812 80.7022 10
      vertex -93.0902 80.4894 10
    endloop
  endfacet
  facet normal -0.156469 -0.987683 0
    outer loop
      vertex -91.8738 80.1771 10
      vertex -91.2533 80.0788 200
      vertex -91.8738 80.1771 200
    endloop
  endfacet
  facet normal -0.156469 -0.987683 -0
    outer loop
      vertex -91.2533 80.0788 200
      vertex -91.8738 80.1771 10
      vertex -91.2533 80.0788 10
    endloop
  endfacet
  facet normal -0.790055 -0.613037 0
    outer loop
      vertex -97.7051 83.6258 10
      vertex -98.0902 84.1221 200
      vertex -98.0902 84.1221 10
    endloop
  endfacet
  facet normal -0.790055 -0.613037 0
    outer loop
      vertex -98.0902 84.1221 200
      vertex -97.7051 83.6258 10
      vertex -97.7051 83.6258 200
    endloop
  endfacet
  facet normal -0.827095 -0.562062 0
    outer loop
      vertex -98.0902 84.1221 10
      vertex -98.4433 84.6417 200
      vertex -98.4433 84.6417 10
    endloop
  endfacet
  facet normal -0.827095 -0.562062 0
    outer loop
      vertex -98.4433 84.6417 200
      vertex -98.0902 84.1221 10
      vertex -98.0902 84.1221 200
    endloop
  endfacet
  facet normal -0.613037 -0.790055 0
    outer loop
      vertex -96.3742 82.2949 10
      vertex -95.8779 81.9098 200
      vertex -96.3742 82.2949 200
    endloop
  endfacet
  facet normal -0.613037 -0.790055 -0
    outer loop
      vertex -95.8779 81.9098 200
      vertex -96.3742 82.2949 10
      vertex -95.8779 81.9098 10
    endloop
  endfacet
  facet normal -0.397125 -0.917765 0
    outer loop
      vertex -94.2578 80.9517 10
      vertex -93.6812 80.7022 200
      vertex -94.2578 80.9517 200
    endloop
  endfacet
  facet normal -0.397125 -0.917765 -0
    outer loop
      vertex -93.6812 80.7022 200
      vertex -94.2578 80.9517 10
      vertex -93.6812 80.7022 10
    endloop
  endfacet
  facet normal -0.218228 -0.975898 0
    outer loop
      vertex -92.4869 80.3142 10
      vertex -91.8738 80.1771 200
      vertex -92.4869 80.3142 200
    endloop
  endfacet
  facet normal -0.218228 -0.975898 -0
    outer loop
      vertex -91.8738 80.1771 200
      vertex -92.4869 80.3142 10
      vertex -91.8738 80.1771 10
    endloop
  endfacet
  facet normal 0.890995 0.454014 0
    outer loop
      vertex 99.0483 -85.7422 200
      vertex 98.7631 -85.1825 10
      vertex 98.7631 -85.1825 200
    endloop
  endfacet
  facet normal 0.890995 0.454014 0
    outer loop
      vertex 98.7631 -85.1825 10
      vertex 99.0483 -85.7422 200
      vertex 99.0483 -85.7422 10
    endloop
  endfacet
  facet normal 0.338776 0.940867 -0
    outer loop
      vertex 93.6812 -80.7022 10
      vertex 93.0902 -80.4894 200
      vertex 93.6812 -80.7022 200
    endloop
  endfacet
  facet normal 0.338776 0.940867 0
    outer loop
      vertex 93.0902 -80.4894 200
      vertex 93.6812 -80.7022 10
      vertex 93.0902 -80.4894 10
    endloop
  endfacet
  facet normal -0.397125 0.917765 0
    outer loop
      vertex 86.3188 -80.7022 10
      vertex 85.7422 -80.9517 190
      vertex 86.3188 -80.7022 190
    endloop
  endfacet
  facet normal -0.397125 0.917765 0
    outer loop
      vertex 85.7422 -80.9517 190
      vertex 86.3188 -80.7022 10
      vertex 85.7422 -80.9517 10
    endloop
  endfacet
  facet normal -0.940867 0.338776 0
    outer loop
      vertex 80.4894 -86.9098 10
      vertex 80.7022 -86.3188 190
      vertex 80.7022 -86.3188 10
    endloop
  endfacet
  facet normal -0.940867 0.338776 0
    outer loop
      vertex 80.7022 -86.3188 190
      vertex 80.4894 -86.9098 10
      vertex 80.4894 -86.9098 190
    endloop
  endfacet
  facet normal 0.99555 -0.0942382 0
    outer loop
      vertex 99.9211 -91.2533 200
      vertex 99.9803 -90.6279 10
      vertex 99.9803 -90.6279 200
    endloop
  endfacet
  facet normal 0.99555 -0.0942382 0
    outer loop
      vertex 99.9803 -90.6279 10
      vertex 99.9211 -91.2533 200
      vertex 99.9211 -91.2533 10
    endloop
  endfacet
  facet normal 0.509008 0.860762 -0
    outer loop
      vertex 95.3583 -81.5567 10
      vertex 94.8175 -81.2369 200
      vertex 95.3583 -81.5567 200
    endloop
  endfacet
  facet normal 0.509008 0.860762 0
    outer loop
      vertex 94.8175 -81.2369 200
      vertex 95.3583 -81.5567 10
      vertex 94.8175 -81.2369 10
    endloop
  endfacet
  facet normal -0.750195 0.661216 0
    outer loop
      vertex 82.2949 -83.6258 10
      vertex 82.7103 -83.1545 190
      vertex 82.7103 -83.1545 10
    endloop
  endfacet
  facet normal -0.750195 0.661216 0
    outer loop
      vertex 82.7103 -83.1545 190
      vertex 82.2949 -83.6258 10
      vertex 82.2949 -83.6258 190
    endloop
  endfacet
  facet normal -0.218228 0.975898 0
    outer loop
      vertex 88.1262 -80.1771 10
      vertex 87.5131 -80.3142 190
      vertex 88.1262 -80.1771 190
    endloop
  endfacet
  facet normal -0.218228 0.975898 0
    outer loop
      vertex 87.5131 -80.3142 190
      vertex 88.1262 -80.1771 10
      vertex 87.5131 -80.3142 10
    endloop
  endfacet
  facet normal 0.454014 -0.890995 0
    outer loop
      vertex 94.2578 -99.0483 10
      vertex 94.8175 -98.7631 200
      vertex 94.2578 -99.0483 200
    endloop
  endfacet
  facet normal 0.454014 -0.890995 0
    outer loop
      vertex 94.8175 -98.7631 200
      vertex 94.2578 -99.0483 10
      vertex 94.8175 -98.7631 10
    endloop
  endfacet
  facet normal -0.661216 -0.750195 0
    outer loop
      vertex 83.1545 -97.2897 10
      vertex 83.6258 -97.7051 200
      vertex 83.1545 -97.2897 200
    endloop
  endfacet
  facet normal -0.661216 -0.750195 -0
    outer loop
      vertex 83.6258 -97.7051 200
      vertex 83.1545 -97.2897 10
      vertex 83.6258 -97.7051 10
    endloop
  endfacet
  facet normal -0.890995 -0.454014 0
    outer loop
      vertex 81.2369 -94.8175 10
      vertex 80.9517 -94.2578 200
      vertex 80.9517 -94.2578 10
    endloop
  endfacet
  facet normal -0.890995 -0.454014 0
    outer loop
      vertex 80.9517 -94.2578 200
      vertex 81.2369 -94.8175 10
      vertex 81.2369 -94.8175 200
    endloop
  endfacet
  facet normal 0.827095 0.562062 0
    outer loop
      vertex 98.4433 -84.6417 200
      vertex 98.0902 -84.1221 10
      vertex 98.0902 -84.1221 200
    endloop
  endfacet
  facet normal 0.827095 0.562062 0
    outer loop
      vertex 98.0902 -84.1221 10
      vertex 98.4433 -84.6417 200
      vertex 98.4433 -84.6417 10
    endloop
  endfacet
  facet normal 0.707107 0.707107 0
    outer loop
      vertex 97.2897 -83.1545 200
      vertex 96.8455 -82.7103 10
      vertex 96.8455 -82.7103 200
    endloop
  endfacet
  facet normal 0.707107 0.707107 0
    outer loop
      vertex 96.8455 -82.7103 10
      vertex 97.2897 -83.1545 200
      vertex 97.2897 -83.1545 10
    endloop
  endfacet
  facet normal 0.156469 0.987683 -0
    outer loop
      vertex 91.8738 -80.1771 10
      vertex 91.2533 -80.0788 200
      vertex 91.8738 -80.1771 200
    endloop
  endfacet
  facet normal 0.156469 0.987683 0
    outer loop
      vertex 91.2533 -80.0788 200
      vertex 91.8738 -80.1771 10
      vertex 91.2533 -80.0788 10
    endloop
  endfacet
  facet normal 0.613037 0.790055 -0
    outer loop
      vertex 96.3742 -82.2949 10
      vertex 95.8779 -81.9098 200
      vertex 96.3742 -82.2949 200
    endloop
  endfacet
  facet normal 0.613037 0.790055 0
    outer loop
      vertex 95.8779 -81.9098 200
      vertex 96.3742 -82.2949 10
      vertex 95.8779 -81.9098 10
    endloop
  endfacet
  facet normal -0.999508 0.031359 0
    outer loop
      vertex 80 -90 10
      vertex 80.0197 -89.3721 190
      vertex 80.0197 -89.3721 10
    endloop
  endfacet
  facet normal -0.999508 0.031359 0
    outer loop
      vertex 80.0197 -89.3721 190
      vertex 80 -90 10
      vertex 80 -90 190
    endloop
  endfacet
  facet normal -0.987683 0.156469 0
    outer loop
      vertex 80.0788 -88.7467 10
      vertex 80.1771 -88.1262 190
      vertex 80.1771 -88.1262 10
    endloop
  endfacet
  facet normal -0.987683 0.156469 0
    outer loop
      vertex 80.1771 -88.1262 190
      vertex 80.0788 -88.7467 10
      vertex 80.0788 -88.7467 190
    endloop
  endfacet
  facet normal -0.860762 0.509008 0
    outer loop
      vertex 81.2369 -85.1825 10
      vertex 81.5567 -84.6417 190
      vertex 81.5567 -84.6417 10
    endloop
  endfacet
  facet normal -0.860762 0.509008 0
    outer loop
      vertex 81.5567 -84.6417 190
      vertex 81.2369 -85.1825 10
      vertex 81.2369 -85.1825 190
    endloop
  endfacet
  facet normal -0.278881 0.960326 0
    outer loop
      vertex 87.5131 -80.3142 10
      vertex 86.9098 -80.4894 190
      vertex 87.5131 -80.3142 190
    endloop
  endfacet
  facet normal -0.278881 0.960326 0
    outer loop
      vertex 86.9098 -80.4894 190
      vertex 87.5131 -80.3142 10
      vertex 86.9098 -80.4894 10
    endloop
  endfacet
  facet normal -0.562062 0.827095 0
    outer loop
      vertex 84.6417 -81.5567 10
      vertex 84.1221 -81.9098 190
      vertex 84.6417 -81.5567 190
    endloop
  endfacet
  facet normal -0.562062 0.827095 0
    outer loop
      vertex 84.1221 -81.9098 190
      vertex 84.6417 -81.5567 10
      vertex 84.1221 -81.9098 10
    endloop
  endfacet
  facet normal -0.454014 0.890995 0
    outer loop
      vertex 85.7422 -80.9517 10
      vertex 85.1825 -81.2369 190
      vertex 85.7422 -80.9517 190
    endloop
  endfacet
  facet normal -0.454014 0.890995 0
    outer loop
      vertex 85.1825 -81.2369 190
      vertex 85.7422 -80.9517 10
      vertex 85.1825 -81.2369 10
    endloop
  endfacet
  facet normal -0.707107 0.707107 0
    outer loop
      vertex 82.7103 -83.1545 10
      vertex 83.1545 -82.7103 190
      vertex 83.1545 -82.7103 10
    endloop
  endfacet
  facet normal -0.707107 0.707107 0
    outer loop
      vertex 83.1545 -82.7103 190
      vertex 82.7103 -83.1545 10
      vertex 82.7103 -83.1545 190
    endloop
  endfacet
  facet normal 0.999508 0.031359 0
    outer loop
      vertex 100 -90 200
      vertex 99.9803 -89.3721 10
      vertex 99.9803 -89.3721 200
    endloop
  endfacet
  facet normal 0.999508 0.031359 0
    outer loop
      vertex 99.9803 -89.3721 10
      vertex 100 -90 200
      vertex 100 -90 10
    endloop
  endfacet
  facet normal 0.960326 -0.278881 0
    outer loop
      vertex 99.5106 -93.0902 200
      vertex 99.6858 -92.4869 10
      vertex 99.6858 -92.4869 200
    endloop
  endfacet
  facet normal 0.960326 -0.278881 0
    outer loop
      vertex 99.6858 -92.4869 10
      vertex 99.5106 -93.0902 200
      vertex 99.5106 -93.0902 10
    endloop
  endfacet
  facet normal 0.156314 -0.987707 0
    outer loop
      vertex 91.2533 -99.9211 10
      vertex 91.8738 -99.8229 200
      vertex 91.2533 -99.9211 200
    endloop
  endfacet
  facet normal 0.156314 -0.987707 0
    outer loop
      vertex 91.8738 -99.8229 200
      vertex 91.2533 -99.9211 10
      vertex 91.8738 -99.8229 10
    endloop
  endfacet
  facet normal 0.99555 0.0942382 0
    outer loop
      vertex 99.9803 -89.3721 200
      vertex 99.9211 -88.7467 10
      vertex 99.9211 -88.7467 200
    endloop
  endfacet
  facet normal 0.99555 0.0942382 0
    outer loop
      vertex 99.9211 -88.7467 10
      vertex 99.9803 -89.3721 200
      vertex 99.9803 -89.3721 10
    endloop
  endfacet
  facet normal 0.960326 0.278881 0
    outer loop
      vertex 99.6858 -87.5131 200
      vertex 99.5106 -86.9098 10
      vertex 99.5106 -86.9098 200
    endloop
  endfacet
  facet normal 0.960326 0.278881 0
    outer loop
      vertex 99.5106 -86.9098 10
      vertex 99.6858 -87.5131 200
      vertex 99.6858 -87.5131 10
    endloop
  endfacet
  facet normal 0.987707 0.156314 0
    outer loop
      vertex 99.9211 -88.7467 200
      vertex 99.8229 -88.1262 10
      vertex 99.8229 -88.1262 200
    endloop
  endfacet
  facet normal 0.987707 0.156314 0
    outer loop
      vertex 99.8229 -88.1262 10
      vertex 99.9211 -88.7467 200
      vertex 99.9211 -88.7467 10
    endloop
  endfacet
  facet normal 0.975898 0.218228 0
    outer loop
      vertex 99.8229 -88.1262 200
      vertex 99.6858 -87.5131 10
      vertex 99.6858 -87.5131 200
    endloop
  endfacet
  facet normal 0.975898 0.218228 0
    outer loop
      vertex 99.6858 -87.5131 10
      vertex 99.8229 -88.1262 200
      vertex 99.8229 -88.1262 10
    endloop
  endfacet
  facet normal 0.860762 0.509008 0
    outer loop
      vertex 98.7631 -85.1825 200
      vertex 98.4433 -84.6417 10
      vertex 98.4433 -84.6417 200
    endloop
  endfacet
  facet normal 0.860762 0.509008 0
    outer loop
      vertex 98.4433 -84.6417 10
      vertex 98.7631 -85.1825 200
      vertex 98.7631 -85.1825 10
    endloop
  endfacet
  facet normal 0.790055 0.613037 0
    outer loop
      vertex 98.0902 -84.1221 200
      vertex 97.7051 -83.6258 10
      vertex 97.7051 -83.6258 200
    endloop
  endfacet
  facet normal 0.790055 0.613037 0
    outer loop
      vertex 97.7051 -83.6258 10
      vertex 98.0902 -84.1221 200
      vertex 98.0902 -84.1221 10
    endloop
  endfacet
  facet normal 0.750195 0.661216 0
    outer loop
      vertex 97.7051 -83.6258 200
      vertex 97.2897 -83.1545 10
      vertex 97.2897 -83.1545 200
    endloop
  endfacet
  facet normal 0.750195 0.661216 0
    outer loop
      vertex 97.2897 -83.1545 10
      vertex 97.7051 -83.6258 200
      vertex 97.7051 -83.6258 10
    endloop
  endfacet
  facet normal -0.031359 0.999508 0
    outer loop
      vertex 90 -80 10
      vertex 89.3721 -80.0197 190
      vertex 90 -80 190
    endloop
  endfacet
  facet normal -0.031359 0.999508 0
    outer loop
      vertex 89.3721 -80.0197 190
      vertex 90 -80 10
      vertex 89.3721 -80.0197 10
    endloop
  endfacet
  facet normal 0.218228 0.975898 -0
    outer loop
      vertex 92.4869 -80.3142 10
      vertex 91.8738 -80.1771 200
      vertex 92.4869 -80.3142 200
    endloop
  endfacet
  facet normal 0.218228 0.975898 0
    outer loop
      vertex 91.8738 -80.1771 200
      vertex 92.4869 -80.3142 10
      vertex 91.8738 -80.1771 10
    endloop
  endfacet
  facet normal 0.278881 0.960326 -0
    outer loop
      vertex 93.0902 -80.4894 10
      vertex 92.4869 -80.3142 200
      vertex 93.0902 -80.4894 200
    endloop
  endfacet
  facet normal 0.278881 0.960326 0
    outer loop
      vertex 92.4869 -80.3142 200
      vertex 93.0902 -80.4894 10
      vertex 92.4869 -80.3142 10
    endloop
  endfacet
  facet normal 0.0940804 0.995565 -0
    outer loop
      vertex 91.2533 -80.0788 10
      vertex 90.6279 -80.0197 200
      vertex 91.2533 -80.0788 200
    endloop
  endfacet
  facet normal 0.0940804 0.995565 0
    outer loop
      vertex 90.6279 -80.0197 200
      vertex 91.2533 -80.0788 10
      vertex 90.6279 -80.0197 10
    endloop
  endfacet
  facet normal 0.454014 0.890995 -0
    outer loop
      vertex 94.8175 -81.2369 10
      vertex 94.2578 -80.9517 200
      vertex 94.8175 -81.2369 200
    endloop
  endfacet
  facet normal 0.454014 0.890995 0
    outer loop
      vertex 94.2578 -80.9517 200
      vertex 94.8175 -81.2369 10
      vertex 94.2578 -80.9517 10
    endloop
  endfacet
  facet normal 0.397125 0.917765 -0
    outer loop
      vertex 94.2578 -80.9517 10
      vertex 93.6812 -80.7022 200
      vertex 94.2578 -80.9517 200
    endloop
  endfacet
  facet normal 0.397125 0.917765 0
    outer loop
      vertex 93.6812 -80.7022 200
      vertex 94.2578 -80.9517 10
      vertex 93.6812 -80.7022 10
    endloop
  endfacet
  facet normal 0.562062 0.827095 -0
    outer loop
      vertex 95.8779 -81.9098 10
      vertex 95.3583 -81.5567 200
      vertex 95.8779 -81.9098 200
    endloop
  endfacet
  facet normal 0.562062 0.827095 0
    outer loop
      vertex 95.3583 -81.5567 200
      vertex 95.8779 -81.9098 10
      vertex 95.3583 -81.5567 10
    endloop
  endfacet
  facet normal 0.661216 0.750195 -0
    outer loop
      vertex 96.8455 -82.7103 10
      vertex 96.3742 -82.2949 200
      vertex 96.8455 -82.7103 200
    endloop
  endfacet
  facet normal 0.661216 0.750195 0
    outer loop
      vertex 96.3742 -82.2949 200
      vertex 96.8455 -82.7103 10
      vertex 96.3742 -82.2949 10
    endloop
  endfacet
  facet normal -0.975898 0.218228 0
    outer loop
      vertex 80.1771 -88.1262 10
      vertex 80.3142 -87.5131 190
      vertex 80.3142 -87.5131 10
    endloop
  endfacet
  facet normal -0.975898 0.218228 0
    outer loop
      vertex 80.3142 -87.5131 190
      vertex 80.1771 -88.1262 10
      vertex 80.1771 -88.1262 190
    endloop
  endfacet
  facet normal -0.960326 0.278881 0
    outer loop
      vertex 80.3142 -87.5131 10
      vertex 80.4894 -86.9098 190
      vertex 80.4894 -86.9098 10
    endloop
  endfacet
  facet normal -0.960326 0.278881 0
    outer loop
      vertex 80.4894 -86.9098 190
      vertex 80.3142 -87.5131 10
      vertex 80.3142 -87.5131 190
    endloop
  endfacet
  facet normal -0.995565 0.0940804 0
    outer loop
      vertex 80.0197 -89.3721 10
      vertex 80.0788 -88.7467 190
      vertex 80.0788 -88.7467 10
    endloop
  endfacet
  facet normal -0.995565 0.0940804 0
    outer loop
      vertex 80.0788 -88.7467 190
      vertex 80.0197 -89.3721 10
      vertex 80.0197 -89.3721 190
    endloop
  endfacet
  facet normal -0.890995 0.454014 0
    outer loop
      vertex 80.9517 -85.7422 10
      vertex 81.2369 -85.1825 190
      vertex 81.2369 -85.1825 10
    endloop
  endfacet
  facet normal -0.890995 0.454014 0
    outer loop
      vertex 81.2369 -85.1825 190
      vertex 80.9517 -85.7422 10
      vertex 80.9517 -85.7422 190
    endloop
  endfacet
  facet normal -0.917765 0.397125 0
    outer loop
      vertex 80.7022 -86.3188 10
      vertex 80.9517 -85.7422 190
      vertex 80.9517 -85.7422 10
    endloop
  endfacet
  facet normal -0.917765 0.397125 0
    outer loop
      vertex 80.9517 -85.7422 190
      vertex 80.7022 -86.3188 10
      vertex 80.7022 -86.3188 190
    endloop
  endfacet
  facet normal -0.790055 0.613037 0
    outer loop
      vertex 81.9098 -84.1221 10
      vertex 82.2949 -83.6258 190
      vertex 82.2949 -83.6258 10
    endloop
  endfacet
  facet normal -0.790055 0.613037 0
    outer loop
      vertex 82.2949 -83.6258 190
      vertex 81.9098 -84.1221 10
      vertex 81.9098 -84.1221 190
    endloop
  endfacet
  facet normal -0.827095 0.562062 0
    outer loop
      vertex 81.5567 -84.6417 10
      vertex 81.9098 -84.1221 190
      vertex 81.9098 -84.1221 10
    endloop
  endfacet
  facet normal -0.827095 0.562062 0
    outer loop
      vertex 81.9098 -84.1221 190
      vertex 81.5567 -84.6417 10
      vertex 81.5567 -84.6417 190
    endloop
  endfacet
  facet normal -0.338776 0.940867 0
    outer loop
      vertex 86.9098 -80.4894 10
      vertex 86.3188 -80.7022 190
      vertex 86.9098 -80.4894 190
    endloop
  endfacet
  facet normal -0.338776 0.940867 0
    outer loop
      vertex 86.3188 -80.7022 190
      vertex 86.9098 -80.4894 10
      vertex 86.3188 -80.7022 10
    endloop
  endfacet
  facet normal -0.0940804 0.995565 0
    outer loop
      vertex 89.3721 -80.0197 10
      vertex 88.7467 -80.0788 190
      vertex 89.3721 -80.0197 190
    endloop
  endfacet
  facet normal -0.0940804 0.995565 0
    outer loop
      vertex 88.7467 -80.0788 190
      vertex 89.3721 -80.0197 10
      vertex 88.7467 -80.0788 10
    endloop
  endfacet
  facet normal -0.156469 0.987683 0
    outer loop
      vertex 88.7467 -80.0788 10
      vertex 88.1262 -80.1771 190
      vertex 88.7467 -80.0788 190
    endloop
  endfacet
  facet normal -0.156469 0.987683 0
    outer loop
      vertex 88.1262 -80.1771 190
      vertex 88.7467 -80.0788 10
      vertex 88.1262 -80.1771 10
    endloop
  endfacet
  facet normal -0.509008 0.860762 0
    outer loop
      vertex 85.1825 -81.2369 10
      vertex 84.6417 -81.5567 190
      vertex 85.1825 -81.2369 190
    endloop
  endfacet
  facet normal -0.509008 0.860762 0
    outer loop
      vertex 84.6417 -81.5567 190
      vertex 85.1825 -81.2369 10
      vertex 84.6417 -81.5567 10
    endloop
  endfacet
  facet normal -0.661216 0.750195 0
    outer loop
      vertex 83.6258 -82.2949 10
      vertex 83.1545 -82.7103 190
      vertex 83.6258 -82.2949 190
    endloop
  endfacet
  facet normal -0.661216 0.750195 0
    outer loop
      vertex 83.1545 -82.7103 190
      vertex 83.6258 -82.2949 10
      vertex 83.1545 -82.7103 10
    endloop
  endfacet
  facet normal -0.613037 0.790055 0
    outer loop
      vertex 84.1221 -81.9098 10
      vertex 83.6258 -82.2949 190
      vertex 84.1221 -81.9098 190
    endloop
  endfacet
  facet normal -0.613037 0.790055 0
    outer loop
      vertex 83.6258 -82.2949 190
      vertex 84.1221 -81.9098 10
      vertex 83.6258 -82.2949 10
    endloop
  endfacet
  facet normal 0.999508 -0.031359 0
    outer loop
      vertex 99.9803 -90.6279 200
      vertex 100 -90 10
      vertex 100 -90 200
    endloop
  endfacet
  facet normal 0.999508 -0.031359 0
    outer loop
      vertex 100 -90 10
      vertex 99.9803 -90.6279 200
      vertex 99.9803 -90.6279 10
    endloop
  endfacet
  facet normal 0.987707 -0.156314 0
    outer loop
      vertex 99.8229 -91.8738 200
      vertex 99.9211 -91.2533 10
      vertex 99.9211 -91.2533 200
    endloop
  endfacet
  facet normal 0.987707 -0.156314 0
    outer loop
      vertex 99.9211 -91.2533 10
      vertex 99.8229 -91.8738 200
      vertex 99.8229 -91.8738 10
    endloop
  endfacet
  facet normal 0.890995 -0.454014 0
    outer loop
      vertex 98.7631 -94.8175 200
      vertex 99.0483 -94.2578 10
      vertex 99.0483 -94.2578 200
    endloop
  endfacet
  facet normal 0.890995 -0.454014 0
    outer loop
      vertex 99.0483 -94.2578 10
      vertex 98.7631 -94.8175 200
      vertex 98.7631 -94.8175 10
    endloop
  endfacet
  facet normal 0.940867 -0.338776 0
    outer loop
      vertex 99.2978 -93.6812 200
      vertex 99.5106 -93.0902 10
      vertex 99.5106 -93.0902 200
    endloop
  endfacet
  facet normal 0.940867 -0.338776 0
    outer loop
      vertex 99.5106 -93.0902 10
      vertex 99.2978 -93.6812 200
      vertex 99.2978 -93.6812 10
    endloop
  endfacet
  facet normal 0.750195 -0.661216 0
    outer loop
      vertex 97.2897 -96.8455 200
      vertex 97.7051 -96.3742 10
      vertex 97.7051 -96.3742 200
    endloop
  endfacet
  facet normal 0.750195 -0.661216 0
    outer loop
      vertex 97.7051 -96.3742 10
      vertex 97.2897 -96.8455 200
      vertex 97.2897 -96.8455 10
    endloop
  endfacet
  facet normal -0.0942382 -0.99555 0
    outer loop
      vertex 88.7467 -99.9211 10
      vertex 89.3721 -99.9803 200
      vertex 88.7467 -99.9211 200
    endloop
  endfacet
  facet normal -0.0942382 -0.99555 -0
    outer loop
      vertex 89.3721 -99.9803 200
      vertex 88.7467 -99.9211 10
      vertex 89.3721 -99.9803 10
    endloop
  endfacet
  facet normal -0.960326 -0.278881 0
    outer loop
      vertex 80.4894 -93.0902 10
      vertex 80.3142 -92.4869 200
      vertex 80.3142 -92.4869 10
    endloop
  endfacet
  facet normal -0.960326 -0.278881 0
    outer loop
      vertex 80.3142 -92.4869 200
      vertex 80.4894 -93.0902 10
      vertex 80.4894 -93.0902 200
    endloop
  endfacet
  facet normal -0.707107 -0.707107 0
    outer loop
      vertex 83.1545 -97.2897 10
      vertex 82.7103 -96.8455 200
      vertex 82.7103 -96.8455 10
    endloop
  endfacet
  facet normal -0.707107 -0.707107 0
    outer loop
      vertex 82.7103 -96.8455 200
      vertex 83.1545 -97.2897 10
      vertex 83.1545 -97.2897 200
    endloop
  endfacet
  facet normal 0.0942382 -0.99555 0
    outer loop
      vertex 90.6279 -99.9803 10
      vertex 91.2533 -99.9211 200
      vertex 90.6279 -99.9803 200
    endloop
  endfacet
  facet normal 0.0942382 -0.99555 0
    outer loop
      vertex 91.2533 -99.9211 200
      vertex 90.6279 -99.9803 10
      vertex 91.2533 -99.9211 10
    endloop
  endfacet
  facet normal 0.218228 -0.975898 0
    outer loop
      vertex 91.8738 -99.8229 10
      vertex 92.4869 -99.6858 200
      vertex 91.8738 -99.8229 200
    endloop
  endfacet
  facet normal 0.218228 -0.975898 0
    outer loop
      vertex 92.4869 -99.6858 200
      vertex 91.8738 -99.8229 10
      vertex 92.4869 -99.6858 10
    endloop
  endfacet
  facet normal 0.338776 -0.940867 0
    outer loop
      vertex 93.0902 -99.5106 10
      vertex 93.6812 -99.2978 200
      vertex 93.0902 -99.5106 200
    endloop
  endfacet
  facet normal 0.338776 -0.940867 0
    outer loop
      vertex 93.6812 -99.2978 200
      vertex 93.0902 -99.5106 10
      vertex 93.6812 -99.2978 10
    endloop
  endfacet
  facet normal 0.917765 0.397125 0
    outer loop
      vertex 99.2978 -86.3188 200
      vertex 99.0483 -85.7422 10
      vertex 99.0483 -85.7422 200
    endloop
  endfacet
  facet normal 0.917765 0.397125 0
    outer loop
      vertex 99.0483 -85.7422 10
      vertex 99.2978 -86.3188 200
      vertex 99.2978 -86.3188 10
    endloop
  endfacet
  facet normal 0.940867 0.338776 0
    outer loop
      vertex 99.5106 -86.9098 200
      vertex 99.2978 -86.3188 10
      vertex 99.2978 -86.3188 200
    endloop
  endfacet
  facet normal 0.940867 0.338776 0
    outer loop
      vertex 99.2978 -86.3188 10
      vertex 99.5106 -86.9098 200
      vertex 99.5106 -86.9098 10
    endloop
  endfacet
  facet normal 0.031359 0.999508 0
    outer loop
      vertex 90.6279 -80.0197 200
      vertex 90 -80 190
      vertex 90 -80 200
    endloop
  endfacet
  facet normal 0.031359 0.999508 -0
    outer loop
      vertex 90.6279 -80.0197 10
      vertex 90 -80 190
      vertex 90.6279 -80.0197 200
    endloop
  endfacet
  facet normal 0.031359 0.999508 0
    outer loop
      vertex 90 -80 190
      vertex 90.6279 -80.0197 10
      vertex 90 -80 10
    endloop
  endfacet
  facet normal -0.999508 -0.031359 0
    outer loop
      vertex 80.0197 -90.6279 10
      vertex 80 -90 190
      vertex 80 -90 10
    endloop
  endfacet
  facet normal -0.999508 -0.031359 -0
    outer loop
      vertex 80.0197 -90.6279 200
      vertex 80 -90 190
      vertex 80.0197 -90.6279 10
    endloop
  endfacet
  facet normal -0.999508 -0.031359 0
    outer loop
      vertex 80 -90 190
      vertex 80.0197 -90.6279 200
      vertex 80 -90 200
    endloop
  endfacet
  facet normal 0 0 1
    outer loop
      vertex 90 -90 200
      vertex 100 -90 200
      vertex 99.9803 -89.3721 200
    endloop
  endfacet
  facet normal 0 0 1
    outer loop
      vertex 90 -90 200
      vertex 99.9803 -89.3721 200
      vertex 99.9211 -88.7467 200
    endloop
  endfacet
  facet normal 0 0 1
    outer loop
      vertex 100 -90 200
      vertex 90 -90 200
      vertex 99.9803 -90.6279 200
    endloop
  endfacet
  facet normal 0 0 1
    outer loop
      vertex 90 -90 200
      vertex 99.9211 -88.7467 200
      vertex 99.8229 -88.1262 200
    endloop
  endfacet
  facet normal 0 0 1
    outer loop
      vertex 99.9803 -90.6279 200
      vertex 90 -90 200
      vertex 99.9211 -91.2533 200
    endloop
  endfacet
  facet normal 0 0 1
    outer loop
      vertex 90 -90 200
      vertex 99.8229 -88.1262 200
      vertex 99.6858 -87.5131 200
    endloop
  endfacet
  facet normal 0 0 1
    outer loop
      vertex 99.9211 -91.2533 200
      vertex 90 -90 200
      vertex 99.8229 -91.8738 200
    endloop
  endfacet
  facet normal 0 0 1
    outer loop
      vertex 90 -90 200
      vertex 99.6858 -87.5131 200
      vertex 99.5106 -86.9098 200
    endloop
  endfacet
  facet normal 0 0 1
    outer loop
      vertex 99.8229 -91.8738 200
      vertex 90 -90 200
      vertex 99.6858 -92.4869 200
    endloop
  endfacet
  facet normal 0 0 1
    outer loop
      vertex 90 -90 200
      vertex 99.5106 -86.9098 200
      vertex 99.2978 -86.3188 200
    endloop
  endfacet
  facet normal 0 0 1
    outer loop
      vertex 99.6858 -92.4869 200
      vertex 90 -90 200
      vertex 99.5106 -93.0902 200
    endloop
  endfacet
  facet normal 0 0 1
    outer loop
      vertex 90 -90 200
      vertex 99.2978 -86.3188 200
      vertex 99.0483 -85.7422 200
    endloop
  endfacet
  facet normal 0 0 1
    outer loop
      vertex 99.5106 -93.0902 200
      vertex 90 -90 200
      vertex 99.2978 -93.6812 200
    endloop
  endfacet
  facet normal 0 0 1
    outer loop
      vertex 90 -90 200
      vertex 99.0483 -85.7422 200
      vertex 98.7631 -85.1825 200
    endloop
  endfacet
  facet normal 0 0 1
    outer loop
      vertex 99.2978 -93.6812 200
      vertex 90 -90 200
      vertex 99.0483 -94.2578 200
    endloop
  endfacet
  facet normal 0 0 1
    outer loop
      vertex 90 -90 200
      vertex 98.7631 -85.1825 200
      vertex 98.4433 -84.6417 200
    endloop
  endfacet
  facet normal 0 0 1
    outer loop
      vertex 99.0483 -94.2578 200
      vertex 90 -90 200
      vertex 98.7631 -94.8175 200
    endloop
  endfacet
  facet normal 0 0 1
    outer loop
      vertex 90 -90 200
      vertex 98.4433 -84.6417 200
      vertex 98.0902 -84.1221 200
    endloop
  endfacet
  facet normal 0 0 1
    outer loop
      vertex 98.7631 -94.8175 200
      vertex 90 -90 200
      vertex 98.4433 -95.3583 200
    endloop
  endfacet
  facet normal 0 0 1
    outer loop
      vertex 90 -90 200
      vertex 98.0902 -84.1221 200
      vertex 97.7051 -83.6258 200
    endloop
  endfacet
  facet normal 0 0 1
    outer loop
      vertex 98.4433 -95.3583 200
      vertex 90 -90 200
      vertex 98.0902 -95.8779 200
    endloop
  endfacet
  facet normal 0 0 1
    outer loop
      vertex 90 -90 200
      vertex 97.7051 -83.6258 200
      vertex 97.2897 -83.1545 200
    endloop
  endfacet
  facet normal 0 0 1
    outer loop
      vertex 98.0902 -95.8779 200
      vertex 90 -90 200
      vertex 97.7051 -96.3742 200
    endloop
  endfacet
  facet normal 0 0 1
    outer loop
      vertex 90 -90 200
      vertex 97.2897 -83.1545 200
      vertex 96.8455 -82.7103 200
    endloop
  endfacet
  facet normal 0 0 1
    outer loop
      vertex 97.7051 -96.3742 200
      vertex 90 -90 200
      vertex 97.2897 -96.8455 200
    endloop
  endfacet
  facet normal 0 0 1
    outer loop
      vertex 90 -90 200
      vertex 96.8455 -82.7103 200
      vertex 96.3742 -82.2949 200
    endloop
  endfacet
  facet normal 0 0 1
    outer loop
      vertex 97.2897 -96.8455 200
      vertex 90 -90 200
      vertex 96.8455 -97.2897 200
    endloop
  endfacet
  facet normal 0 0 1
    outer loop
      vertex 90 -90 200
      vertex 96.3742 -82.2949 200
      vertex 95.8779 -81.9098 200
    endloop
  endfacet
  facet normal 0 0 1
    outer loop
      vertex 96.8455 -97.2897 200
      vertex 90 -90 200
      vertex 96.3742 -97.7051 200
    endloop
  endfacet
  facet normal 0 0 1
    outer loop
      vertex 90 -90 200
      vertex 95.8779 -81.9098 200
      vertex 95.3583 -81.5567 200
    endloop
  endfacet
  facet normal 0 0 1
    outer loop
      vertex 96.3742 -97.7051 200
      vertex 90 -90 200
      vertex 95.8779 -98.0902 200
    endloop
  endfacet
  facet normal 0 0 1
    outer loop
      vertex 90 -90 200
      vertex 95.3583 -81.5567 200
      vertex 94.8175 -81.2369 200
    endloop
  endfacet
  facet normal 0 0 1
    outer loop
      vertex 95.8779 -98.0902 200
      vertex 90 -90 200
      vertex 95.3583 -98.4433 200
    endloop
  endfacet
  facet normal 0 0 1
    outer loop
      vertex 90 -90 200
      vertex 94.8175 -81.2369 200
      vertex 94.2578 -80.9517 200
    endloop
  endfacet
  facet normal 0 0 1
    outer loop
      vertex 95.3583 -98.4433 200
      vertex 90 -90 200
      vertex 94.8175 -98.7631 200
    endloop
  endfacet
  facet normal 0 0 1
    outer loop
      vertex 90 -90 200
      vertex 94.2578 -80.9517 200
      vertex 93.6812 -80.7022 200
    endloop
  endfacet
  facet normal 0 0 1
    outer loop
      vertex 94.8175 -98.7631 200
      vertex 90 -90 200
      vertex 94.2578 -99.0483 200
    endloop
  endfacet
  facet normal 0 0 1
    outer loop
      vertex 90 -90 200
      vertex 93.6812 -80.7022 200
      vertex 93.0902 -80.4894 200
    endloop
  endfacet
  facet normal 0 0 1
    outer loop
      vertex 94.2578 -99.0483 200
      vertex 90 -90 200
      vertex 93.6812 -99.2978 200
    endloop
  endfacet
  facet normal 0 0 1
    outer loop
      vertex 90 -90 200
      vertex 93.0902 -80.4894 200
      vertex 92.4869 -80.3142 200
    endloop
  endfacet
  facet normal 0 0 1
    outer loop
      vertex 93.6812 -99.2978 200
      vertex 90 -90 200
      vertex 93.0902 -99.5106 200
    endloop
  endfacet
  facet normal 0 0 1
    outer loop
      vertex 90 -90 200
      vertex 92.4869 -80.3142 200
      vertex 91.8738 -80.1771 200
    endloop
  endfacet
  facet normal 0 0 1
    outer loop
      vertex 93.0902 -99.5106 200
      vertex 90 -90 200
      vertex 92.4869 -99.6858 200
    endloop
  endfacet
  facet normal 0 0 1
    outer loop
      vertex 90 -90 200
      vertex 91.8738 -80.1771 200
      vertex 91.2533 -80.0788 200
    endloop
  endfacet
  facet normal 0 0 1
    outer loop
      vertex 92.4869 -99.6858 200
      vertex 90 -90 200
      vertex 91.8738 -99.8229 200
    endloop
  endfacet
  facet normal 0 0 1
    outer loop
      vertex 90 -90 200
      vertex 91.2533 -80.0788 200
      vertex 90.6279 -80.0197 200
    endloop
  endfacet
  facet normal 0 0 1
    outer loop
      vertex 91.8738 -99.8229 200
      vertex 90 -90 200
      vertex 91.2533 -99.9211 200
    endloop
  endfacet
  facet normal 0 0 1
    outer loop
      vertex 90 -90 200
      vertex 90.6279 -80.0197 200
      vertex 90 -80 200
    endloop
  endfacet
  facet normal 0 0 1
    outer loop
      vertex 91.2533 -99.9211 200
      vertex 90 -90 200
      vertex 90.6279 -99.9803 200
    endloop
  endfacet
  facet normal 0 0 1
    outer loop
      vertex 90 -90 200
      vertex 90 -100 200
      vertex 90.6279 -99.9803 200
    endloop
  endfacet
  facet normal 0 0 1
    outer loop
      vertex 90 -90 200
      vertex 89.3721 -99.9803 200
      vertex 90 -100 200
    endloop
  endfacet
  facet normal 0 0 1
    outer loop
      vertex 90 -90 200
      vertex 88.7467 -99.9211 200
      vertex 89.3721 -99.9803 200
    endloop
  endfacet
  facet normal 0 0 1
    outer loop
      vertex 90 -90 200
      vertex 88.1262 -99.8229 200
      vertex 88.7467 -99.9211 200
    endloop
  endfacet
  facet normal 0 0 1
    outer loop
      vertex 90 -90 200
      vertex 87.5131 -99.6858 200
      vertex 88.1262 -99.8229 200
    endloop
  endfacet
  facet normal 0 0 1
    outer loop
      vertex 90 -90 200
      vertex 86.9098 -99.5106 200
      vertex 87.5131 -99.6858 200
    endloop
  endfacet
  facet normal 0 0 1
    outer loop
      vertex 90 -90 200
      vertex 86.3188 -99.2978 200
      vertex 86.9098 -99.5106 200
    endloop
  endfacet
  facet normal 0 0 1
    outer loop
      vertex 90 -90 200
      vertex 85.7422 -99.0483 200
      vertex 86.3188 -99.2978 200
    endloop
  endfacet
  facet normal 0 0 1
    outer loop
      vertex 90 -90 200
      vertex 85.1825 -98.7631 200
      vertex 85.7422 -99.0483 200
    endloop
  endfacet
  facet normal 0 0 1
    outer loop
      vertex 90 -90 200
      vertex 84.6417 -98.4433 200
      vertex 85.1825 -98.7631 200
    endloop
  endfacet
  facet normal 0 0 1
    outer loop
      vertex 90 -90 200
      vertex 84.1221 -98.0902 200
      vertex 84.6417 -98.4433 200
    endloop
  endfacet
  facet normal 0 0 1
    outer loop
      vertex 90 -90 200
      vertex 83.6258 -97.7051 200
      vertex 84.1221 -98.0902 200
    endloop
  endfacet
  facet normal 0 0 1
    outer loop
      vertex 90 -90 200
      vertex 83.1545 -97.2897 200
      vertex 83.6258 -97.7051 200
    endloop
  endfacet
  facet normal 0 0 1
    outer loop
      vertex 90 -90 200
      vertex 82.7103 -96.8455 200
      vertex 83.1545 -97.2897 200
    endloop
  endfacet
  facet normal 0 0 1
    outer loop
      vertex 90 -90 200
      vertex 82.2949 -96.3742 200
      vertex 82.7103 -96.8455 200
    endloop
  endfacet
  facet normal 0 0 1
    outer loop
      vertex 90 -90 200
      vertex 81.9098 -95.8779 200
      vertex 82.2949 -96.3742 200
    endloop
  endfacet
  facet normal 0 0 1
    outer loop
      vertex 90 -90 200
      vertex 81.5567 -95.3583 200
      vertex 81.9098 -95.8779 200
    endloop
  endfacet
  facet normal 0 0 1
    outer loop
      vertex 90 -90 200
      vertex 81.2369 -94.8175 200
      vertex 81.5567 -95.3583 200
    endloop
  endfacet
  facet normal 0 0 1
    outer loop
      vertex 90 -90 200
      vertex 80.9517 -94.2578 200
      vertex 81.2369 -94.8175 200
    endloop
  endfacet
  facet normal 0 0 1
    outer loop
      vertex 90 -90 200
      vertex 80.7022 -93.6812 200
      vertex 80.9517 -94.2578 200
    endloop
  endfacet
  facet normal 0 0 1
    outer loop
      vertex 90 -90 200
      vertex 80.4894 -93.0902 200
      vertex 80.7022 -93.6812 200
    endloop
  endfacet
  facet normal 0 0 1
    outer loop
      vertex 90 -90 200
      vertex 80.3142 -92.4869 200
      vertex 80.4894 -93.0902 200
    endloop
  endfacet
  facet normal 0 0 1
    outer loop
      vertex 90 -90 200
      vertex 80.1771 -91.8738 200
      vertex 80.3142 -92.4869 200
    endloop
  endfacet
  facet normal 0 0 1
    outer loop
      vertex 90 -90 200
      vertex 80.0788 -91.2533 200
      vertex 80.1771 -91.8738 200
    endloop
  endfacet
  facet normal 0 0 1
    outer loop
      vertex 90 -90 200
      vertex 80.0197 -90.6279 200
      vertex 80.0788 -91.2533 200
    endloop
  endfacet
  facet normal 0 -0 1
    outer loop
      vertex 80.0197 -90.6279 200
      vertex 90 -90 200
      vertex 80 -90 200
    endloop
  endfacet
  facet normal 0.975898 -0.218228 0
    outer loop
      vertex 99.6858 -92.4869 200
      vertex 99.8229 -91.8738 10
      vertex 99.8229 -91.8738 200
    endloop
  endfacet
  facet normal 0.975898 -0.218228 0
    outer loop
      vertex 99.8229 -91.8738 10
      vertex 99.6858 -92.4869 200
      vertex 99.6858 -92.4869 10
    endloop
  endfacet
  facet normal 0.613037 -0.790055 0
    outer loop
      vertex 95.8779 -98.0902 10
      vertex 96.3742 -97.7051 200
      vertex 95.8779 -98.0902 200
    endloop
  endfacet
  facet normal 0.613037 -0.790055 0
    outer loop
      vertex 96.3742 -97.7051 200
      vertex 95.8779 -98.0902 10
      vertex 96.3742 -97.7051 10
    endloop
  endfacet
  facet normal 0.827095 -0.562062 0
    outer loop
      vertex 98.0902 -95.8779 200
      vertex 98.4433 -95.3583 10
      vertex 98.4433 -95.3583 200
    endloop
  endfacet
  facet normal 0.827095 -0.562062 0
    outer loop
      vertex 98.4433 -95.3583 10
      vertex 98.0902 -95.8779 200
      vertex 98.0902 -95.8779 10
    endloop
  endfacet
  facet normal 0.860762 -0.509008 0
    outer loop
      vertex 98.4433 -95.3583 200
      vertex 98.7631 -94.8175 10
      vertex 98.7631 -94.8175 200
    endloop
  endfacet
  facet normal 0.860762 -0.509008 0
    outer loop
      vertex 98.7631 -94.8175 10
      vertex 98.4433 -95.3583 200
      vertex 98.4433 -95.3583 10
    endloop
  endfacet
  facet normal 0.031359 -0.999508 0
    outer loop
      vertex 90 -100 10
      vertex 90.6279 -99.9803 200
      vertex 90 -100 200
    endloop
  endfacet
  facet normal 0.031359 -0.999508 0
    outer loop
      vertex 90.6279 -99.9803 200
      vertex 90 -100 10
      vertex 90.6279 -99.9803 10
    endloop
  endfacet
  facet normal -0.278881 -0.960326 0
    outer loop
      vertex 86.9098 -99.5106 10
      vertex 87.5131 -99.6858 200
      vertex 86.9098 -99.5106 200
    endloop
  endfacet
  facet normal -0.278881 -0.960326 -0
    outer loop
      vertex 87.5131 -99.6858 200
      vertex 86.9098 -99.5106 10
      vertex 87.5131 -99.6858 10
    endloop
  endfacet
  facet normal -0.995565 -0.0940804 0
    outer loop
      vertex 80.0788 -91.2533 10
      vertex 80.0197 -90.6279 200
      vertex 80.0197 -90.6279 10
    endloop
  endfacet
  facet normal -0.995565 -0.0940804 0
    outer loop
      vertex 80.0197 -90.6279 200
      vertex 80.0788 -91.2533 10
      vertex 80.0788 -91.2533 200
    endloop
  endfacet
  facet normal -0.975898 -0.218228 0
    outer loop
      vertex 80.3142 -92.4869 10
      vertex 80.1771 -91.8738 200
      vertex 80.1771 -91.8738 10
    endloop
  endfacet
  facet normal -0.975898 -0.218228 0
    outer loop
      vertex 80.1771 -91.8738 200
      vertex 80.3142 -92.4869 10
      vertex 80.3142 -92.4869 200
    endloop
  endfacet
  facet normal -0.917765 -0.397125 0
    outer loop
      vertex 80.9517 -94.2578 10
      vertex 80.7022 -93.6812 200
      vertex 80.7022 -93.6812 10
    endloop
  endfacet
  facet normal -0.917765 -0.397125 0
    outer loop
      vertex 80.7022 -93.6812 200
      vertex 80.9517 -94.2578 10
      vertex 80.9517 -94.2578 200
    endloop
  endfacet
  facet normal -0.940867 -0.338776 0
    outer loop
      vertex 80.7022 -93.6812 10
      vertex 80.4894 -93.0902 200
      vertex 80.4894 -93.0902 10
    endloop
  endfacet
  facet normal -0.940867 -0.338776 0
    outer loop
      vertex 80.4894 -93.0902 200
      vertex 80.7022 -93.6812 10
      vertex 80.7022 -93.6812 200
    endloop
  endfacet
  facet normal -0.827095 -0.562062 0
    outer loop
      vertex 81.9098 -95.8779 10
      vertex 81.5567 -95.3583 200
      vertex 81.5567 -95.3583 10
    endloop
  endfacet
  facet normal -0.827095 -0.562062 0
    outer loop
      vertex 81.5567 -95.3583 200
      vertex 81.9098 -95.8779 10
      vertex 81.9098 -95.8779 200
    endloop
  endfacet
  facet normal -0.860762 -0.509008 0
    outer loop
      vertex 81.5567 -95.3583 10
      vertex 81.2369 -94.8175 200
      vertex 81.2369 -94.8175 10
    endloop
  endfacet
  facet normal -0.860762 -0.509008 0
    outer loop
      vertex 81.2369 -94.8175 200
      vertex 81.5567 -95.3583 10
      vertex 81.5567 -95.3583 200
    endloop
  endfacet
  facet normal 0.278881 -0.960326 0
    outer loop
      vertex 92.4869 -99.6858 10
      vertex 93.0902 -99.5106 200
      vertex 92.4869 -99.6858 200
    endloop
  endfacet
  facet normal 0.278881 -0.960326 0
    outer loop
      vertex 93.0902 -99.5106 200
      vertex 92.4869 -99.6858 10
      vertex 93.0902 -99.5106 10
    endloop
  endfacet
  facet normal 0.397125 -0.917765 0
    outer loop
      vertex 93.6812 -99.2978 10
      vertex 94.2578 -99.0483 200
      vertex 93.6812 -99.2978 200
    endloop
  endfacet
  facet normal 0.397125 -0.917765 0
    outer loop
      vertex 94.2578 -99.0483 200
      vertex 93.6812 -99.2978 10
      vertex 94.2578 -99.0483 10
    endloop
  endfacet
  facet normal 0.917765 -0.397125 0
    outer loop
      vertex 99.0483 -94.2578 200
      vertex 99.2978 -93.6812 10
      vertex 99.2978 -93.6812 200
    endloop
  endfacet
  facet normal 0.917765 -0.397125 0
    outer loop
      vertex 99.2978 -93.6812 10
      vertex 99.0483 -94.2578 200
      vertex 99.0483 -94.2578 10
    endloop
  endfacet
  facet normal 0.707107 -0.707107 0
    outer loop
      vertex 96.8455 -97.2897 200
      vertex 97.2897 -96.8455 10
      vertex 97.2897 -96.8455 200
    endloop
  endfacet
  facet normal 0.707107 -0.707107 0
    outer loop
      vertex 97.2897 -96.8455 10
      vertex 96.8455 -97.2897 200
      vertex 96.8455 -97.2897 10
    endloop
  endfacet
  facet normal 0.562062 -0.827095 0
    outer loop
      vertex 95.3583 -98.4433 10
      vertex 95.8779 -98.0902 200
      vertex 95.3583 -98.4433 200
    endloop
  endfacet
  facet normal 0.562062 -0.827095 0
    outer loop
      vertex 95.8779 -98.0902 200
      vertex 95.3583 -98.4433 10
      vertex 95.8779 -98.0902 10
    endloop
  endfacet
  facet normal 0.509008 -0.860762 0
    outer loop
      vertex 94.8175 -98.7631 10
      vertex 95.3583 -98.4433 200
      vertex 94.8175 -98.7631 200
    endloop
  endfacet
  facet normal 0.509008 -0.860762 0
    outer loop
      vertex 95.3583 -98.4433 200
      vertex 94.8175 -98.7631 10
      vertex 95.3583 -98.4433 10
    endloop
  endfacet
  facet normal 0.790055 -0.613037 0
    outer loop
      vertex 97.7051 -96.3742 200
      vertex 98.0902 -95.8779 10
      vertex 98.0902 -95.8779 200
    endloop
  endfacet
  facet normal 0.790055 -0.613037 0
    outer loop
      vertex 98.0902 -95.8779 10
      vertex 97.7051 -96.3742 200
      vertex 97.7051 -96.3742 10
    endloop
  endfacet
  facet normal -0.031359 -0.999508 0
    outer loop
      vertex 89.3721 -99.9803 10
      vertex 90 -100 200
      vertex 89.3721 -99.9803 200
    endloop
  endfacet
  facet normal -0.031359 -0.999508 -0
    outer loop
      vertex 90 -100 200
      vertex 89.3721 -99.9803 10
      vertex 90 -100 10
    endloop
  endfacet
  facet normal -0.562062 -0.827095 0
    outer loop
      vertex 84.1221 -98.0902 10
      vertex 84.6417 -98.4433 200
      vertex 84.1221 -98.0902 200
    endloop
  endfacet
  facet normal -0.562062 -0.827095 -0
    outer loop
      vertex 84.6417 -98.4433 200
      vertex 84.1221 -98.0902 10
      vertex 84.6417 -98.4433 10
    endloop
  endfacet
  facet normal -0.338776 -0.940867 0
    outer loop
      vertex 86.3188 -99.2978 10
      vertex 86.9098 -99.5106 200
      vertex 86.3188 -99.2978 200
    endloop
  endfacet
  facet normal -0.338776 -0.940867 -0
    outer loop
      vertex 86.9098 -99.5106 200
      vertex 86.3188 -99.2978 10
      vertex 86.9098 -99.5106 10
    endloop
  endfacet
  facet normal -0.454014 -0.890995 0
    outer loop
      vertex 85.1825 -98.7631 10
      vertex 85.7422 -99.0483 200
      vertex 85.1825 -98.7631 200
    endloop
  endfacet
  facet normal -0.454014 -0.890995 -0
    outer loop
      vertex 85.7422 -99.0483 200
      vertex 85.1825 -98.7631 10
      vertex 85.7422 -99.0483 10
    endloop
  endfacet
  facet normal -0.156314 -0.987707 0
    outer loop
      vertex 88.1262 -99.8229 10
      vertex 88.7467 -99.9211 200
      vertex 88.1262 -99.8229 200
    endloop
  endfacet
  facet normal -0.156314 -0.987707 -0
    outer loop
      vertex 88.7467 -99.9211 200
      vertex 88.1262 -99.8229 10
      vertex 88.7467 -99.9211 10
    endloop
  endfacet
  facet normal -0.987683 -0.156469 0
    outer loop
      vertex 80.1771 -91.8738 10
      vertex 80.0788 -91.2533 200
      vertex 80.0788 -91.2533 10
    endloop
  endfacet
  facet normal -0.987683 -0.156469 0
    outer loop
      vertex 80.0788 -91.2533 200
      vertex 80.1771 -91.8738 10
      vertex 80.1771 -91.8738 200
    endloop
  endfacet
  facet normal -0.750195 -0.661216 0
    outer loop
      vertex 82.7103 -96.8455 10
      vertex 82.2949 -96.3742 200
      vertex 82.2949 -96.3742 10
    endloop
  endfacet
  facet normal -0.750195 -0.661216 0
    outer loop
      vertex 82.2949 -96.3742 200
      vertex 82.7103 -96.8455 10
      vertex 82.7103 -96.8455 200
    endloop
  endfacet
  facet normal -0.790055 -0.613037 0
    outer loop
      vertex 82.2949 -96.3742 10
      vertex 81.9098 -95.8779 200
      vertex 81.9098 -95.8779 10
    endloop
  endfacet
  facet normal -0.790055 -0.613037 0
    outer loop
      vertex 81.9098 -95.8779 200
      vertex 82.2949 -96.3742 10
      vertex 82.2949 -96.3742 200
    endloop
  endfacet
  facet normal 0.661216 -0.750195 0
    outer loop
      vertex 96.3742 -97.7051 10
      vertex 96.8455 -97.2897 200
      vertex 96.3742 -97.7051 200
    endloop
  endfacet
  facet normal 0.661216 -0.750195 0
    outer loop
      vertex 96.8455 -97.2897 200
      vertex 96.3742 -97.7051 10
      vertex 96.8455 -97.2897 10
    endloop
  endfacet
  facet normal -0.613037 -0.790055 0
    outer loop
      vertex 83.6258 -97.7051 10
      vertex 84.1221 -98.0902 200
      vertex 83.6258 -97.7051 200
    endloop
  endfacet
  facet normal -0.613037 -0.790055 -0
    outer loop
      vertex 84.1221 -98.0902 200
      vertex 83.6258 -97.7051 10
      vertex 84.1221 -98.0902 10
    endloop
  endfacet
  facet normal -0.509008 -0.860762 0
    outer loop
      vertex 84.6417 -98.4433 10
      vertex 85.1825 -98.7631 200
      vertex 84.6417 -98.4433 200
    endloop
  endfacet
  facet normal -0.509008 -0.860762 -0
    outer loop
      vertex 85.1825 -98.7631 200
      vertex 84.6417 -98.4433 10
      vertex 85.1825 -98.7631 10
    endloop
  endfacet
  facet normal -0.397125 -0.917765 0
    outer loop
      vertex 85.7422 -99.0483 10
      vertex 86.3188 -99.2978 200
      vertex 85.7422 -99.0483 200
    endloop
  endfacet
  facet normal -0.397125 -0.917765 -0
    outer loop
      vertex 86.3188 -99.2978 200
      vertex 85.7422 -99.0483 10
      vertex 86.3188 -99.2978 10
    endloop
  endfacet
  facet normal -0.218228 -0.975898 0
    outer loop
      vertex 87.5131 -99.6858 10
      vertex 88.1262 -99.8229 200
      vertex 87.5131 -99.6858 200
    endloop
  endfacet
  facet normal -0.218228 -0.975898 -0
    outer loop
      vertex 88.1262 -99.8229 200
      vertex 87.5131 -99.6858 10
      vertex 88.1262 -99.8229 10
    endloop
  endfacet
  facet normal 0.613037 0.790055 -0
    outer loop
      vertex -83.6258 -82.2949 10
      vertex -84.1221 -81.9098 190
      vertex -83.6258 -82.2949 190
    endloop
  endfacet
  facet normal 0.613037 0.790055 0
    outer loop
      vertex -84.1221 -81.9098 190
      vertex -83.6258 -82.2949 10
      vertex -84.1221 -81.9098 10
    endloop
  endfacet
  facet normal -0.397125 0.917765 0
    outer loop
      vertex -93.6812 -80.7022 10
      vertex -94.2578 -80.9517 200
      vertex -93.6812 -80.7022 200
    endloop
  endfacet
  facet normal -0.397125 0.917765 0
    outer loop
      vertex -94.2578 -80.9517 200
      vertex -93.6812 -80.7022 10
      vertex -94.2578 -80.9517 10
    endloop
  endfacet
  facet normal -0.917765 0.397125 0
    outer loop
      vertex -99.2978 -86.3188 10
      vertex -99.0483 -85.7422 200
      vertex -99.0483 -85.7422 10
    endloop
  endfacet
  facet normal -0.917765 0.397125 0
    outer loop
      vertex -99.0483 -85.7422 200
      vertex -99.2978 -86.3188 10
      vertex -99.2978 -86.3188 200
    endloop
  endfacet
  facet normal 0.995565 -0.0940804 0
    outer loop
      vertex -80.0788 -91.2533 200
      vertex -80.0197 -90.6279 10
      vertex -80.0197 -90.6279 200
    endloop
  endfacet
  facet normal 0.995565 -0.0940804 0
    outer loop
      vertex -80.0197 -90.6279 10
      vertex -80.0788 -91.2533 200
      vertex -80.0788 -91.2533 10
    endloop
  endfacet
  facet normal 0.890995 0.454014 0
    outer loop
      vertex -80.9517 -85.7422 190
      vertex -81.2369 -85.1825 10
      vertex -81.2369 -85.1825 190
    endloop
  endfacet
  facet normal 0.890995 0.454014 0
    outer loop
      vertex -81.2369 -85.1825 10
      vertex -80.9517 -85.7422 190
      vertex -80.9517 -85.7422 10
    endloop
  endfacet
  facet normal 0.338776 0.940867 -0
    outer loop
      vertex -86.3188 -80.7022 10
      vertex -86.9098 -80.4894 190
      vertex -86.3188 -80.7022 190
    endloop
  endfacet
  facet normal 0.338776 0.940867 0
    outer loop
      vertex -86.9098 -80.4894 190
      vertex -86.3188 -80.7022 10
      vertex -86.9098 -80.4894 10
    endloop
  endfacet
  facet normal 0.0940804 0.995565 -0
    outer loop
      vertex -88.7467 -80.0788 10
      vertex -89.3721 -80.0197 190
      vertex -88.7467 -80.0788 190
    endloop
  endfacet
  facet normal 0.0940804 0.995565 0
    outer loop
      vertex -89.3721 -80.0197 190
      vertex -88.7467 -80.0788 10
      vertex -89.3721 -80.0197 10
    endloop
  endfacet
  facet normal -0.987707 0.156314 0
    outer loop
      vertex -99.9211 -88.7467 10
      vertex -99.8229 -88.1262 200
      vertex -99.8229 -88.1262 10
    endloop
  endfacet
  facet normal -0.987707 0.156314 0
    outer loop
      vertex -99.8229 -88.1262 200
      vertex -99.9211 -88.7467 10
      vertex -99.9211 -88.7467 200
    endloop
  endfacet
  facet normal -0.750195 0.661216 0
    outer loop
      vertex -97.7051 -83.6258 10
      vertex -97.2897 -83.1545 200
      vertex -97.2897 -83.1545 10
    endloop
  endfacet
  facet normal -0.750195 0.661216 0
    outer loop
      vertex -97.2897 -83.1545 200
      vertex -97.7051 -83.6258 10
      vertex -97.7051 -83.6258 200
    endloop
  endfacet
  facet normal -0.218228 0.975898 0
    outer loop
      vertex -91.8738 -80.1771 10
      vertex -92.4869 -80.3142 200
      vertex -91.8738 -80.1771 200
    endloop
  endfacet
  facet normal -0.218228 0.975898 0
    outer loop
      vertex -92.4869 -80.3142 200
      vertex -91.8738 -80.1771 10
      vertex -92.4869 -80.3142 10
    endloop
  endfacet
  facet normal -0.156314 -0.987707 0
    outer loop
      vertex -91.8738 -99.8229 10
      vertex -91.2533 -99.9211 200
      vertex -91.8738 -99.8229 200
    endloop
  endfacet
  facet normal -0.156314 -0.987707 -0
    outer loop
      vertex -91.2533 -99.9211 200
      vertex -91.8738 -99.8229 10
      vertex -91.2533 -99.9211 10
    endloop
  endfacet
  facet normal -0.707107 -0.707107 0
    outer loop
      vertex -96.8455 -97.2897 10
      vertex -97.2897 -96.8455 200
      vertex -97.2897 -96.8455 10
    endloop
  endfacet
  facet normal -0.707107 -0.707107 0
    outer loop
      vertex -97.2897 -96.8455 200
      vertex -96.8455 -97.2897 10
      vertex -96.8455 -97.2897 200
    endloop
  endfacet
  facet normal -0.827095 -0.562062 0
    outer loop
      vertex -98.0902 -95.8779 10
      vertex -98.4433 -95.3583 200
      vertex -98.4433 -95.3583 10
    endloop
  endfacet
  facet normal -0.827095 -0.562062 0
    outer loop
      vertex -98.4433 -95.3583 200
      vertex -98.0902 -95.8779 10
      vertex -98.0902 -95.8779 200
    endloop
  endfacet
  facet normal 0.987683 0.156469 0
    outer loop
      vertex -80.0788 -88.7467 190
      vertex -80.1771 -88.1262 10
      vertex -80.1771 -88.1262 190
    endloop
  endfacet
  facet normal 0.987683 0.156469 0
    outer loop
      vertex -80.1771 -88.1262 10
      vertex -80.0788 -88.7467 190
      vertex -80.0788 -88.7467 10
    endloop
  endfacet
  facet normal 0.975898 0.218228 0
    outer loop
      vertex -80.1771 -88.1262 190
      vertex -80.3142 -87.5131 10
      vertex -80.3142 -87.5131 190
    endloop
  endfacet
  facet normal 0.975898 0.218228 0
    outer loop
      vertex -80.3142 -87.5131 10
      vertex -80.1771 -88.1262 190
      vertex -80.1771 -88.1262 10
    endloop
  endfacet
  facet normal 0.960326 0.278881 0
    outer loop
      vertex -80.3142 -87.5131 190
      vertex -80.4894 -86.9098 10
      vertex -80.4894 -86.9098 190
    endloop
  endfacet
  facet normal 0.960326 0.278881 0
    outer loop
      vertex -80.4894 -86.9098 10
      vertex -80.3142 -87.5131 190
      vertex -80.3142 -87.5131 10
    endloop
  endfacet
  facet normal 0.827095 0.562062 0
    outer loop
      vertex -81.5567 -84.6417 190
      vertex -81.9098 -84.1221 10
      vertex -81.9098 -84.1221 190
    endloop
  endfacet
  facet normal 0.827095 0.562062 0
    outer loop
      vertex -81.9098 -84.1221 10
      vertex -81.5567 -84.6417 190
      vertex -81.5567 -84.6417 10
    endloop
  endfacet
  facet normal 0.707107 0.707107 0
    outer loop
      vertex -82.7103 -83.1545 190
      vertex -83.1545 -82.7103 10
      vertex -83.1545 -82.7103 190
    endloop
  endfacet
  facet normal 0.707107 0.707107 0
    outer loop
      vertex -83.1545 -82.7103 10
      vertex -82.7103 -83.1545 190
      vertex -82.7103 -83.1545 10
    endloop
  endfacet
  facet normal 0.562062 0.827095 -0
    outer loop
      vertex -84.1221 -81.9098 10
      vertex -84.6417 -81.5567 190
      vertex -84.1221 -81.9098 190
    endloop
  endfacet
  facet normal 0.562062 0.827095 0
    outer loop
      vertex -84.6417 -81.5567 190
      vertex -84.1221 -81.9098 10
      vertex -84.6417 -81.5567 10
    endloop
  endfacet
  facet normal 0.218228 0.975898 -0
    outer loop
      vertex -87.5131 -80.3142 10
      vertex -88.1262 -80.1771 190
      vertex -87.5131 -80.3142 190
    endloop
  endfacet
  facet normal 0.218228 0.975898 0
    outer loop
      vertex -88.1262 -80.1771 190
      vertex -87.5131 -80.3142 10
      vertex -88.1262 -80.1771 10
    endloop
  endfacet
  facet normal 0.156469 0.987683 -0
    outer loop
      vertex -88.1262 -80.1771 10
      vertex -88.7467 -80.0788 190
      vertex -88.1262 -80.1771 190
    endloop
  endfacet
  facet normal 0.156469 0.987683 0
    outer loop
      vertex -88.7467 -80.0788 190
      vertex -88.1262 -80.1771 10
      vertex -88.7467 -80.0788 10
    endloop
  endfacet
  facet normal -0.940867 0.338776 0
    outer loop
      vertex -99.5106 -86.9098 10
      vertex -99.2978 -86.3188 200
      vertex -99.2978 -86.3188 10
    endloop
  endfacet
  facet normal -0.940867 0.338776 0
    outer loop
      vertex -99.2978 -86.3188 200
      vertex -99.5106 -86.9098 10
      vertex -99.5106 -86.9098 200
    endloop
  endfacet
  facet normal -0.960326 0.278881 0
    outer loop
      vertex -99.6858 -87.5131 10
      vertex -99.5106 -86.9098 200
      vertex -99.5106 -86.9098 10
    endloop
  endfacet
  facet normal -0.960326 0.278881 0
    outer loop
      vertex -99.5106 -86.9098 200
      vertex -99.6858 -87.5131 10
      vertex -99.6858 -87.5131 200
    endloop
  endfacet
  facet normal -0.860762 0.509008 0
    outer loop
      vertex -98.7631 -85.1825 10
      vertex -98.4433 -84.6417 200
      vertex -98.4433 -84.6417 10
    endloop
  endfacet
  facet normal -0.860762 0.509008 0
    outer loop
      vertex -98.4433 -84.6417 200
      vertex -98.7631 -85.1825 10
      vertex -98.7631 -85.1825 200
    endloop
  endfacet
  facet normal -0.827095 0.562062 0
    outer loop
      vertex -98.4433 -84.6417 10
      vertex -98.0902 -84.1221 200
      vertex -98.0902 -84.1221 10
    endloop
  endfacet
  facet normal -0.827095 0.562062 0
    outer loop
      vertex -98.0902 -84.1221 200
      vertex -98.4433 -84.6417 10
      vertex -98.4433 -84.6417 200
    endloop
  endfacet
  facet normal -0.790055 0.613037 0
    outer loop
      vertex -98.0902 -84.1221 10
      vertex -97.7051 -83.6258 200
      vertex -97.7051 -83.6258 10
    endloop
  endfacet
  facet normal -0.790055 0.613037 0
    outer loop
      vertex -97.7051 -83.6258 200
      vertex -98.0902 -84.1221 10
      vertex -98.0902 -84.1221 200
    endloop
  endfacet
  facet normal -0.278881 0.960326 0
    outer loop
      vertex -92.4869 -80.3142 10
      vertex -93.0902 -80.4894 200
      vertex -92.4869 -80.3142 200
    endloop
  endfacet
  facet normal -0.278881 0.960326 0
    outer loop
      vertex -93.0902 -80.4894 200
      vertex -92.4869 -80.3142 10
      vertex -93.0902 -80.4894 10
    endloop
  endfacet
  facet normal -0.562062 0.827095 0
    outer loop
      vertex -95.3583 -81.5567 10
      vertex -95.8779 -81.9098 200
      vertex -95.3583 -81.5567 200
    endloop
  endfacet
  facet normal -0.562062 0.827095 0
    outer loop
      vertex -95.8779 -81.9098 200
      vertex -95.3583 -81.5567 10
      vertex -95.8779 -81.9098 10
    endloop
  endfacet
  facet normal -0.454014 0.890995 0
    outer loop
      vertex -94.2578 -80.9517 10
      vertex -94.8175 -81.2369 200
      vertex -94.2578 -80.9517 200
    endloop
  endfacet
  facet normal -0.454014 0.890995 0
    outer loop
      vertex -94.8175 -81.2369 200
      vertex -94.2578 -80.9517 10
      vertex -94.8175 -81.2369 10
    endloop
  endfacet
  facet normal -0.707107 0.707107 0
    outer loop
      vertex -97.2897 -83.1545 10
      vertex -96.8455 -82.7103 200
      vertex -96.8455 -82.7103 10
    endloop
  endfacet
  facet normal -0.707107 0.707107 0
    outer loop
      vertex -96.8455 -82.7103 200
      vertex -97.2897 -83.1545 10
      vertex -97.2897 -83.1545 200
    endloop
  endfacet
  facet normal 0.156314 -0.987707 0
    outer loop
      vertex -88.7467 -99.9211 10
      vertex -88.1262 -99.8229 200
      vertex -88.7467 -99.9211 200
    endloop
  endfacet
  facet normal 0.156314 -0.987707 0
    outer loop
      vertex -88.1262 -99.8229 200
      vertex -88.7467 -99.9211 10
      vertex -88.1262 -99.8229 10
    endloop
  endfacet
  facet normal 0.860762 -0.509008 0
    outer loop
      vertex -81.5567 -95.3583 200
      vertex -81.2369 -94.8175 10
      vertex -81.2369 -94.8175 200
    endloop
  endfacet
  facet normal 0.860762 -0.509008 0
    outer loop
      vertex -81.2369 -94.8175 10
      vertex -81.5567 -95.3583 200
      vertex -81.5567 -95.3583 10
    endloop
  endfacet
  facet normal 0.562062 -0.827095 0
    outer loop
      vertex -84.6417 -98.4433 10
      vertex -84.1221 -98.0902 200
      vertex -84.6417 -98.4433 200
    endloop
  endfacet
  facet normal 0.562062 -0.827095 0
    outer loop
      vertex -84.1221 -98.0902 200
      vertex -84.6417 -98.4433 10
      vertex -84.1221 -98.0902 10
    endloop
  endfacet
  facet normal -0.031359 -0.999508 0
    outer loop
      vertex -90.6279 -99.9803 10
      vertex -90 -100 200
      vertex -90.6279 -99.9803 200
    endloop
  endfacet
  facet normal -0.031359 -0.999508 -0
    outer loop
      vertex -90 -100 200
      vertex -90.6279 -99.9803 10
      vertex -90 -100 10
    endloop
  endfacet
  facet normal -0.338776 -0.940867 0
    outer loop
      vertex -93.6812 -99.2978 10
      vertex -93.0902 -99.5106 200
      vertex -93.6812 -99.2978 200
    endloop
  endfacet
  facet normal -0.338776 -0.940867 -0
    outer loop
      vertex -93.0902 -99.5106 200
      vertex -93.6812 -99.2978 10
      vertex -93.0902 -99.5106 10
    endloop
  endfacet
  facet normal -0.278881 -0.960326 0
    outer loop
      vertex -93.0902 -99.5106 10
      vertex -92.4869 -99.6858 200
      vertex -93.0902 -99.5106 200
    endloop
  endfacet
  facet normal -0.278881 -0.960326 -0
    outer loop
      vertex -92.4869 -99.6858 200
      vertex -93.0902 -99.5106 10
      vertex -92.4869 -99.6858 10
    endloop
  endfacet
  facet normal -0.397125 -0.917765 0
    outer loop
      vertex -94.2578 -99.0483 10
      vertex -93.6812 -99.2978 200
      vertex -94.2578 -99.0483 200
    endloop
  endfacet
  facet normal -0.397125 -0.917765 -0
    outer loop
      vertex -93.6812 -99.2978 200
      vertex -94.2578 -99.0483 10
      vertex -93.6812 -99.2978 10
    endloop
  endfacet
  facet normal -0.613037 -0.790055 0
    outer loop
      vertex -96.3742 -97.7051 10
      vertex -95.8779 -98.0902 200
      vertex -96.3742 -97.7051 200
    endloop
  endfacet
  facet normal -0.613037 -0.790055 -0
    outer loop
      vertex -95.8779 -98.0902 200
      vertex -96.3742 -97.7051 10
      vertex -95.8779 -98.0902 10
    endloop
  endfacet
  facet normal -0.99555 -0.0942382 0
    outer loop
      vertex -99.9211 -91.2533 10
      vertex -99.9803 -90.6279 200
      vertex -99.9803 -90.6279 10
    endloop
  endfacet
  facet normal -0.99555 -0.0942382 0
    outer loop
      vertex -99.9803 -90.6279 200
      vertex -99.9211 -91.2533 10
      vertex -99.9211 -91.2533 200
    endloop
  endfacet
  facet normal 0.917765 0.397125 0
    outer loop
      vertex -80.7022 -86.3188 190
      vertex -80.9517 -85.7422 10
      vertex -80.9517 -85.7422 190
    endloop
  endfacet
  facet normal 0.917765 0.397125 0
    outer loop
      vertex -80.9517 -85.7422 10
      vertex -80.7022 -86.3188 190
      vertex -80.7022 -86.3188 10
    endloop
  endfacet
  facet normal 0.790055 0.613037 0
    outer loop
      vertex -81.9098 -84.1221 190
      vertex -82.2949 -83.6258 10
      vertex -82.2949 -83.6258 190
    endloop
  endfacet
  facet normal 0.790055 0.613037 0
    outer loop
      vertex -82.2949 -83.6258 10
      vertex -81.9098 -84.1221 190
      vertex -81.9098 -84.1221 10
    endloop
  endfacet
  facet normal 0.750195 0.661216 0
    outer loop
      vertex -82.2949 -83.6258 190
      vertex -82.7103 -83.1545 10
      vertex -82.7103 -83.1545 190
    endloop
  endfacet
  facet normal 0.750195 0.661216 0
    outer loop
      vertex -82.7103 -83.1545 10
      vertex -82.2949 -83.6258 190
      vertex -82.2949 -83.6258 10
    endloop
  endfacet
  facet normal -0.031359 0.999508 0
    outer loop
      vertex -90 -80 190
      vertex -90.6279 -80.0197 200
      vertex -90 -80 200
    endloop
  endfacet
  facet normal -0.031359 0.999508 0
    outer loop
      vertex -90.6279 -80.0197 10
      vertex -90 -80 190
      vertex -90 -80 10
    endloop
  endfacet
  facet normal -0.031359 0.999508 0
    outer loop
      vertex -90 -80 190
      vertex -90.6279 -80.0197 10
      vertex -90.6279 -80.0197 200
    endloop
  endfacet
  facet normal 0.509008 0.860762 -0
    outer loop
      vertex -84.6417 -81.5567 10
      vertex -85.1825 -81.2369 190
      vertex -84.6417 -81.5567 190
    endloop
  endfacet
  facet normal 0.509008 0.860762 0
    outer loop
      vertex -85.1825 -81.2369 190
      vertex -84.6417 -81.5567 10
      vertex -85.1825 -81.2369 10
    endloop
  endfacet
  facet normal 0.454014 0.890995 -0
    outer loop
      vertex -85.1825 -81.2369 10
      vertex -85.7422 -80.9517 190
      vertex -85.1825 -81.2369 190
    endloop
  endfacet
  facet normal 0.454014 0.890995 0
    outer loop
      vertex -85.7422 -80.9517 190
      vertex -85.1825 -81.2369 10
      vertex -85.7422 -80.9517 10
    endloop
  endfacet
  facet normal 0.397125 0.917765 -0
    outer loop
      vertex -85.7422 -80.9517 10
      vertex -86.3188 -80.7022 190
      vertex -85.7422 -80.9517 190
    endloop
  endfacet
  facet normal 0.397125 0.917765 0
    outer loop
      vertex -86.3188 -80.7022 190
      vertex -85.7422 -80.9517 10
      vertex -86.3188 -80.7022 10
    endloop
  endfacet
  facet normal 0.278881 0.960326 -0
    outer loop
      vertex -86.9098 -80.4894 10
      vertex -87.5131 -80.3142 190
      vertex -86.9098 -80.4894 190
    endloop
  endfacet
  facet normal 0.278881 0.960326 0
    outer loop
      vertex -87.5131 -80.3142 190
      vertex -86.9098 -80.4894 10
      vertex -87.5131 -80.3142 10
    endloop
  endfacet
  facet normal 0.031359 0.999508 -0
    outer loop
      vertex -89.3721 -80.0197 10
      vertex -90 -80 190
      vertex -89.3721 -80.0197 190
    endloop
  endfacet
  facet normal 0.031359 0.999508 0
    outer loop
      vertex -90 -80 190
      vertex -89.3721 -80.0197 10
      vertex -90 -80 10
    endloop
  endfacet
  facet normal -0.999508 0.031359 0
    outer loop
      vertex -100 -90 10
      vertex -99.9803 -89.3721 200
      vertex -99.9803 -89.3721 10
    endloop
  endfacet
  facet normal -0.999508 0.031359 0
    outer loop
      vertex -99.9803 -89.3721 200
      vertex -100 -90 10
      vertex -100 -90 200
    endloop
  endfacet
  facet normal -0.975898 0.218228 0
    outer loop
      vertex -99.8229 -88.1262 10
      vertex -99.6858 -87.5131 200
      vertex -99.6858 -87.5131 10
    endloop
  endfacet
  facet normal -0.975898 0.218228 0
    outer loop
      vertex -99.6858 -87.5131 200
      vertex -99.8229 -88.1262 10
      vertex -99.8229 -88.1262 200
    endloop
  endfacet
  facet normal -0.890995 0.454014 0
    outer loop
      vertex -99.0483 -85.7422 10
      vertex -98.7631 -85.1825 200
      vertex -98.7631 -85.1825 10
    endloop
  endfacet
  facet normal -0.890995 0.454014 0
    outer loop
      vertex -98.7631 -85.1825 200
      vertex -99.0483 -85.7422 10
      vertex -99.0483 -85.7422 200
    endloop
  endfacet
  facet normal -0.338776 0.940867 0
    outer loop
      vertex -93.0902 -80.4894 10
      vertex -93.6812 -80.7022 200
      vertex -93.0902 -80.4894 200
    endloop
  endfacet
  facet normal -0.338776 0.940867 0
    outer loop
      vertex -93.6812 -80.7022 200
      vertex -93.0902 -80.4894 10
      vertex -93.6812 -80.7022 10
    endloop
  endfacet
  facet normal -0.0940804 0.995565 0
    outer loop
      vertex -90.6279 -80.0197 10
      vertex -91.2533 -80.0788 200
      vertex -90.6279 -80.0197 200
    endloop
  endfacet
  facet normal -0.0940804 0.995565 0
    outer loop
      vertex -91.2533 -80.0788 200
      vertex -90.6279 -80.0197 10
      vertex -91.2533 -80.0788 10
    endloop
  endfacet
  facet normal -0.156469 0.987683 0
    outer loop
      vertex -91.2533 -80.0788 10
      vertex -91.8738 -80.1771 200
      vertex -91.2533 -80.0788 200
    endloop
  endfacet
  facet normal -0.156469 0.987683 0
    outer loop
      vertex -91.8738 -80.1771 200
      vertex -91.2533 -80.0788 10
      vertex -91.8738 -80.1771 10
    endloop
  endfacet
  facet normal -0.613037 0.790055 0
    outer loop
      vertex -95.8779 -81.9098 10
      vertex -96.3742 -82.2949 200
      vertex -95.8779 -81.9098 200
    endloop
  endfacet
  facet normal -0.613037 0.790055 0
    outer loop
      vertex -96.3742 -82.2949 200
      vertex -95.8779 -81.9098 10
      vertex -96.3742 -82.2949 10
    endloop
  endfacet
  facet normal -0.661216 0.750195 0
    outer loop
      vertex -96.3742 -82.2949 10
      vertex -96.8455 -82.7103 200
      vertex -96.3742 -82.2949 200
    endloop
  endfacet
  facet normal -0.661216 0.750195 0
    outer loop
      vertex -96.8455 -82.7103 200
      vertex -96.3742 -82.2949 10
      vertex -96.8455 -82.7103 10
    endloop
  endfacet
  facet normal 0.999508 0.031359 0
    outer loop
      vertex -80 -90 190
      vertex -80.0197 -89.3721 10
      vertex -80.0197 -89.3721 190
    endloop
  endfacet
  facet normal 0.999508 0.031359 0
    outer loop
      vertex -80.0197 -89.3721 10
      vertex -80 -90 190
      vertex -80 -90 10
    endloop
  endfacet
  facet normal 0.031359 -0.999508 0
    outer loop
      vertex -90 -100 10
      vertex -89.3721 -99.9803 200
      vertex -90 -100 200
    endloop
  endfacet
  facet normal 0.031359 -0.999508 0
    outer loop
      vertex -89.3721 -99.9803 200
      vertex -90 -100 10
      vertex -89.3721 -99.9803 10
    endloop
  endfacet
  facet normal 0.987683 -0.156469 0
    outer loop
      vertex -80.1771 -91.8738 200
      vertex -80.0788 -91.2533 10
      vertex -80.0788 -91.2533 200
    endloop
  endfacet
  facet normal 0.987683 -0.156469 0
    outer loop
      vertex -80.0788 -91.2533 10
      vertex -80.1771 -91.8738 200
      vertex -80.1771 -91.8738 10
    endloop
  endfacet
  facet normal 0.827095 -0.562062 0
    outer loop
      vertex -81.9098 -95.8779 200
      vertex -81.5567 -95.3583 10
      vertex -81.5567 -95.3583 200
    endloop
  endfacet
  facet normal 0.827095 -0.562062 0
    outer loop
      vertex -81.5567 -95.3583 10
      vertex -81.9098 -95.8779 200
      vertex -81.9098 -95.8779 10
    endloop
  endfacet
  facet normal 0.0942382 -0.99555 0
    outer loop
      vertex -89.3721 -99.9803 10
      vertex -88.7467 -99.9211 200
      vertex -89.3721 -99.9803 200
    endloop
  endfacet
  facet normal 0.0942382 -0.99555 0
    outer loop
      vertex -88.7467 -99.9211 200
      vertex -89.3721 -99.9803 10
      vertex -88.7467 -99.9211 10
    endloop
  endfacet
  facet normal 0.218228 -0.975898 0
    outer loop
      vertex -88.1262 -99.8229 10
      vertex -87.5131 -99.6858 200
      vertex -88.1262 -99.8229 200
    endloop
  endfacet
  facet normal 0.218228 -0.975898 0
    outer loop
      vertex -87.5131 -99.6858 200
      vertex -88.1262 -99.8229 10
      vertex -87.5131 -99.6858 10
    endloop
  endfacet
  facet normal 0.338776 -0.940867 0
    outer loop
      vertex -86.9098 -99.5106 10
      vertex -86.3188 -99.2978 200
      vertex -86.9098 -99.5106 200
    endloop
  endfacet
  facet normal 0.338776 -0.940867 0
    outer loop
      vertex -86.3188 -99.2978 200
      vertex -86.9098 -99.5106 10
      vertex -86.3188 -99.2978 10
    endloop
  endfacet
  facet normal 0.278881 -0.960326 0
    outer loop
      vertex -87.5131 -99.6858 10
      vertex -86.9098 -99.5106 200
      vertex -87.5131 -99.6858 200
    endloop
  endfacet
  facet normal 0.278881 -0.960326 0
    outer loop
      vertex -86.9098 -99.5106 200
      vertex -87.5131 -99.6858 10
      vertex -86.9098 -99.5106 10
    endloop
  endfacet
  facet normal 0.707107 -0.707107 0
    outer loop
      vertex -83.1545 -97.2897 200
      vertex -82.7103 -96.8455 10
      vertex -82.7103 -96.8455 200
    endloop
  endfacet
  facet normal 0.707107 -0.707107 0
    outer loop
      vertex -82.7103 -96.8455 10
      vertex -83.1545 -97.2897 200
      vertex -83.1545 -97.2897 10
    endloop
  endfacet
  facet normal 0.613037 -0.790055 0
    outer loop
      vertex -84.1221 -98.0902 10
      vertex -83.6258 -97.7051 200
      vertex -84.1221 -98.0902 200
    endloop
  endfacet
  facet normal 0.613037 -0.790055 0
    outer loop
      vertex -83.6258 -97.7051 200
      vertex -84.1221 -98.0902 10
      vertex -83.6258 -97.7051 10
    endloop
  endfacet
  facet normal 0.661216 -0.750195 0
    outer loop
      vertex -83.6258 -97.7051 10
      vertex -83.1545 -97.2897 200
      vertex -83.6258 -97.7051 200
    endloop
  endfacet
  facet normal 0.661216 -0.750195 0
    outer loop
      vertex -83.1545 -97.2897 200
      vertex -83.6258 -97.7051 10
      vertex -83.1545 -97.2897 10
    endloop
  endfacet
  facet normal 0.397125 -0.917765 0
    outer loop
      vertex -86.3188 -99.2978 10
      vertex -85.7422 -99.0483 200
      vertex -86.3188 -99.2978 200
    endloop
  endfacet
  facet normal 0.397125 -0.917765 0
    outer loop
      vertex -85.7422 -99.0483 200
      vertex -86.3188 -99.2978 10
      vertex -85.7422 -99.0483 10
    endloop
  endfacet
  facet normal 0.509008 -0.860762 0
    outer loop
      vertex -85.1825 -98.7631 10
      vertex -84.6417 -98.4433 200
      vertex -85.1825 -98.7631 200
    endloop
  endfacet
  facet normal 0.509008 -0.860762 0
    outer loop
      vertex -84.6417 -98.4433 200
      vertex -85.1825 -98.7631 10
      vertex -84.6417 -98.4433 10
    endloop
  endfacet
  facet normal 0.454014 -0.890995 0
    outer loop
      vertex -85.7422 -99.0483 10
      vertex -85.1825 -98.7631 200
      vertex -85.7422 -99.0483 200
    endloop
  endfacet
  facet normal 0.454014 -0.890995 0
    outer loop
      vertex -85.1825 -98.7631 200
      vertex -85.7422 -99.0483 10
      vertex -85.1825 -98.7631 10
    endloop
  endfacet
  facet normal -0.0942382 -0.99555 0
    outer loop
      vertex -91.2533 -99.9211 10
      vertex -90.6279 -99.9803 200
      vertex -91.2533 -99.9211 200
    endloop
  endfacet
  facet normal -0.0942382 -0.99555 -0
    outer loop
      vertex -90.6279 -99.9803 200
      vertex -91.2533 -99.9211 10
      vertex -90.6279 -99.9803 10
    endloop
  endfacet
  facet normal -0.509008 -0.860762 0
    outer loop
      vertex -95.3583 -98.4433 10
      vertex -94.8175 -98.7631 200
      vertex -95.3583 -98.4433 200
    endloop
  endfacet
  facet normal -0.509008 -0.860762 -0
    outer loop
      vertex -94.8175 -98.7631 200
      vertex -95.3583 -98.4433 10
      vertex -94.8175 -98.7631 10
    endloop
  endfacet
  facet normal -0.562062 -0.827095 0
    outer loop
      vertex -95.8779 -98.0902 10
      vertex -95.3583 -98.4433 200
      vertex -95.8779 -98.0902 200
    endloop
  endfacet
  facet normal -0.562062 -0.827095 -0
    outer loop
      vertex -95.3583 -98.4433 200
      vertex -95.8779 -98.0902 10
      vertex -95.3583 -98.4433 10
    endloop
  endfacet
  facet normal -0.454014 -0.890995 0
    outer loop
      vertex -94.8175 -98.7631 10
      vertex -94.2578 -99.0483 200
      vertex -94.8175 -98.7631 200
    endloop
  endfacet
  facet normal -0.454014 -0.890995 -0
    outer loop
      vertex -94.2578 -99.0483 200
      vertex -94.8175 -98.7631 10
      vertex -94.2578 -99.0483 10
    endloop
  endfacet
  facet normal -0.661216 -0.750195 0
    outer loop
      vertex -96.8455 -97.2897 10
      vertex -96.3742 -97.7051 200
      vertex -96.8455 -97.2897 200
    endloop
  endfacet
  facet normal -0.661216 -0.750195 -0
    outer loop
      vertex -96.3742 -97.7051 200
      vertex -96.8455 -97.2897 10
      vertex -96.3742 -97.7051 10
    endloop
  endfacet
  facet normal -0.940867 -0.338776 0
    outer loop
      vertex -99.2978 -93.6812 10
      vertex -99.5106 -93.0902 200
      vertex -99.5106 -93.0902 10
    endloop
  endfacet
  facet normal -0.940867 -0.338776 0
    outer loop
      vertex -99.5106 -93.0902 200
      vertex -99.2978 -93.6812 10
      vertex -99.2978 -93.6812 200
    endloop
  endfacet
  facet normal -0.975898 -0.218228 0
    outer loop
      vertex -99.6858 -92.4869 10
      vertex -99.8229 -91.8738 200
      vertex -99.8229 -91.8738 10
    endloop
  endfacet
  facet normal -0.975898 -0.218228 0
    outer loop
      vertex -99.8229 -91.8738 200
      vertex -99.6858 -92.4869 10
      vertex -99.6858 -92.4869 200
    endloop
  endfacet
  facet normal -0.960326 -0.278881 0
    outer loop
      vertex -99.5106 -93.0902 10
      vertex -99.6858 -92.4869 200
      vertex -99.6858 -92.4869 10
    endloop
  endfacet
  facet normal -0.960326 -0.278881 0
    outer loop
      vertex -99.6858 -92.4869 200
      vertex -99.5106 -93.0902 10
      vertex -99.5106 -93.0902 200
    endloop
  endfacet
  facet normal -0.987707 -0.156314 0
    outer loop
      vertex -99.8229 -91.8738 10
      vertex -99.9211 -91.2533 200
      vertex -99.9211 -91.2533 10
    endloop
  endfacet
  facet normal -0.987707 -0.156314 0
    outer loop
      vertex -99.9211 -91.2533 200
      vertex -99.8229 -91.8738 10
      vertex -99.8229 -91.8738 200
    endloop
  endfacet
  facet normal -0.999508 -0.031359 0
    outer loop
      vertex -99.9803 -90.6279 10
      vertex -100 -90 200
      vertex -100 -90 10
    endloop
  endfacet
  facet normal -0.999508 -0.031359 0
    outer loop
      vertex -100 -90 200
      vertex -99.9803 -90.6279 10
      vertex -99.9803 -90.6279 200
    endloop
  endfacet
  facet normal -0.860762 -0.509008 0
    outer loop
      vertex -98.4433 -95.3583 10
      vertex -98.7631 -94.8175 200
      vertex -98.7631 -94.8175 10
    endloop
  endfacet
  facet normal -0.860762 -0.509008 0
    outer loop
      vertex -98.7631 -94.8175 200
      vertex -98.4433 -95.3583 10
      vertex -98.4433 -95.3583 200
    endloop
  endfacet
  facet normal -0.917765 -0.397125 0
    outer loop
      vertex -99.0483 -94.2578 10
      vertex -99.2978 -93.6812 200
      vertex -99.2978 -93.6812 10
    endloop
  endfacet
  facet normal -0.917765 -0.397125 0
    outer loop
      vertex -99.2978 -93.6812 200
      vertex -99.0483 -94.2578 10
      vertex -99.0483 -94.2578 200
    endloop
  endfacet
  facet normal -0.750195 -0.661216 0
    outer loop
      vertex -97.2897 -96.8455 10
      vertex -97.7051 -96.3742 200
      vertex -97.7051 -96.3742 10
    endloop
  endfacet
  facet normal -0.750195 -0.661216 0
    outer loop
      vertex -97.7051 -96.3742 200
      vertex -97.2897 -96.8455 10
      vertex -97.2897 -96.8455 200
    endloop
  endfacet
  facet normal -0.790055 -0.613037 0
    outer loop
      vertex -97.7051 -96.3742 10
      vertex -98.0902 -95.8779 200
      vertex -98.0902 -95.8779 10
    endloop
  endfacet
  facet normal -0.790055 -0.613037 0
    outer loop
      vertex -98.0902 -95.8779 200
      vertex -97.7051 -96.3742 10
      vertex -97.7051 -96.3742 200
    endloop
  endfacet
  facet normal 0.995565 0.0940804 0
    outer loop
      vertex -80.0197 -89.3721 190
      vertex -80.0788 -88.7467 10
      vertex -80.0788 -88.7467 190
    endloop
  endfacet
  facet normal 0.995565 0.0940804 0
    outer loop
      vertex -80.0788 -88.7467 10
      vertex -80.0197 -89.3721 190
      vertex -80.0197 -89.3721 10
    endloop
  endfacet
  facet normal 0.940867 0.338776 0
    outer loop
      vertex -80.4894 -86.9098 190
      vertex -80.7022 -86.3188 10
      vertex -80.7022 -86.3188 190
    endloop
  endfacet
  facet normal 0.940867 0.338776 0
    outer loop
      vertex -80.7022 -86.3188 10
      vertex -80.4894 -86.9098 190
      vertex -80.4894 -86.9098 10
    endloop
  endfacet
  facet normal 0.860762 0.509008 0
    outer loop
      vertex -81.2369 -85.1825 190
      vertex -81.5567 -84.6417 10
      vertex -81.5567 -84.6417 190
    endloop
  endfacet
  facet normal 0.860762 0.509008 0
    outer loop
      vertex -81.5567 -84.6417 10
      vertex -81.2369 -85.1825 190
      vertex -81.2369 -85.1825 10
    endloop
  endfacet
  facet normal 0.661216 0.750195 -0
    outer loop
      vertex -83.1545 -82.7103 10
      vertex -83.6258 -82.2949 190
      vertex -83.1545 -82.7103 190
    endloop
  endfacet
  facet normal 0.661216 0.750195 0
    outer loop
      vertex -83.6258 -82.2949 190
      vertex -83.1545 -82.7103 10
      vertex -83.6258 -82.2949 10
    endloop
  endfacet
  facet normal -0 0 1
    outer loop
      vertex -90.6279 -80.0197 200
      vertex -90 -90 200
      vertex -90 -80 200
    endloop
  endfacet
  facet normal -0 0 1
    outer loop
      vertex -91.2533 -80.0788 200
      vertex -90 -90 200
      vertex -90.6279 -80.0197 200
    endloop
  endfacet
  facet normal 0 0 1
    outer loop
      vertex -90 -90 200
      vertex -90.6279 -99.9803 200
      vertex -90 -100 200
    endloop
  endfacet
  facet normal -0 0 1
    outer loop
      vertex -91.8738 -80.1771 200
      vertex -90 -90 200
      vertex -91.2533 -80.0788 200
    endloop
  endfacet
  facet normal 0 0 1
    outer loop
      vertex -90 -90 200
      vertex -91.2533 -99.9211 200
      vertex -90.6279 -99.9803 200
    endloop
  endfacet
  facet normal -0 0 1
    outer loop
      vertex -92.4869 -80.3142 200
      vertex -90 -90 200
      vertex -91.8738 -80.1771 200
    endloop
  endfacet
  facet normal 0 0 1
    outer loop
      vertex -90 -90 200
      vertex -91.8738 -99.8229 200
      vertex -91.2533 -99.9211 200
    endloop
  endfacet
  facet normal -0 0 1
    outer loop
      vertex -93.0902 -80.4894 200
      vertex -90 -90 200
      vertex -92.4869 -80.3142 200
    endloop
  endfacet
  facet normal 0 0 1
    outer loop
      vertex -90 -90 200
      vertex -92.4869 -99.6858 200
      vertex -91.8738 -99.8229 200
    endloop
  endfacet
  facet normal -0 0 1
    outer loop
      vertex -93.6812 -80.7022 200
      vertex -90 -90 200
      vertex -93.0902 -80.4894 200
    endloop
  endfacet
  facet normal 0 0 1
    outer loop
      vertex -90 -90 200
      vertex -93.0902 -99.5106 200
      vertex -92.4869 -99.6858 200
    endloop
  endfacet
  facet normal -0 0 1
    outer loop
      vertex -94.2578 -80.9517 200
      vertex -90 -90 200
      vertex -93.6812 -80.7022 200
    endloop
  endfacet
  facet normal 0 0 1
    outer loop
      vertex -90 -90 200
      vertex -93.6812 -99.2978 200
      vertex -93.0902 -99.5106 200
    endloop
  endfacet
  facet normal -0 0 1
    outer loop
      vertex -94.8175 -81.2369 200
      vertex -90 -90 200
      vertex -94.2578 -80.9517 200
    endloop
  endfacet
  facet normal 0 0 1
    outer loop
      vertex -90 -90 200
      vertex -94.2578 -99.0483 200
      vertex -93.6812 -99.2978 200
    endloop
  endfacet
  facet normal -0 0 1
    outer loop
      vertex -95.3583 -81.5567 200
      vertex -90 -90 200
      vertex -94.8175 -81.2369 200
    endloop
  endfacet
  facet normal 0 0 1
    outer loop
      vertex -90 -90 200
      vertex -94.8175 -98.7631 200
      vertex -94.2578 -99.0483 200
    endloop
  endfacet
  facet normal -0 0 1
    outer loop
      vertex -95.8779 -81.9098 200
      vertex -90 -90 200
      vertex -95.3583 -81.5567 200
    endloop
  endfacet
  facet normal 0 0 1
    outer loop
      vertex -90 -90 200
      vertex -95.3583 -98.4433 200
      vertex -94.8175 -98.7631 200
    endloop
  endfacet
  facet normal -0 0 1
    outer loop
      vertex -96.3742 -82.2949 200
      vertex -90 -90 200
      vertex -95.8779 -81.9098 200
    endloop
  endfacet
  facet normal 0 0 1
    outer loop
      vertex -90 -90 200
      vertex -95.8779 -98.0902 200
      vertex -95.3583 -98.4433 200
    endloop
  endfacet
  facet normal -0 0 1
    outer loop
      vertex -96.8455 -82.7103 200
      vertex -90 -90 200
      vertex -96.3742 -82.2949 200
    endloop
  endfacet
  facet normal 0 0 1
    outer loop
      vertex -90 -90 200
      vertex -96.3742 -97.7051 200
      vertex -95.8779 -98.0902 200
    endloop
  endfacet
  facet normal -0 0 1
    outer loop
      vertex -97.2897 -83.1545 200
      vertex -90 -90 200
      vertex -96.8455 -82.7103 200
    endloop
  endfacet
  facet normal 0 0 1
    outer loop
      vertex -90 -90 200
      vertex -96.8455 -97.2897 200
      vertex -96.3742 -97.7051 200
    endloop
  endfacet
  facet normal -0 0 1
    outer loop
      vertex -97.7051 -83.6258 200
      vertex -90 -90 200
      vertex -97.2897 -83.1545 200
    endloop
  endfacet
  facet normal 0 0 1
    outer loop
      vertex -90 -90 200
      vertex -97.2897 -96.8455 200
      vertex -96.8455 -97.2897 200
    endloop
  endfacet
  facet normal -0 0 1
    outer loop
      vertex -98.0902 -84.1221 200
      vertex -90 -90 200
      vertex -97.7051 -83.6258 200
    endloop
  endfacet
  facet normal 0 0 1
    outer loop
      vertex -90 -90 200
      vertex -97.7051 -96.3742 200
      vertex -97.2897 -96.8455 200
    endloop
  endfacet
  facet normal -0 0 1
    outer loop
      vertex -98.4433 -84.6417 200
      vertex -90 -90 200
      vertex -98.0902 -84.1221 200
    endloop
  endfacet
  facet normal 0 0 1
    outer loop
      vertex -90 -90 200
      vertex -98.0902 -95.8779 200
      vertex -97.7051 -96.3742 200
    endloop
  endfacet
  facet normal -0 0 1
    outer loop
      vertex -98.7631 -85.1825 200
      vertex -90 -90 200
      vertex -98.4433 -84.6417 200
    endloop
  endfacet
  facet normal 0 0 1
    outer loop
      vertex -90 -90 200
      vertex -98.4433 -95.3583 200
      vertex -98.0902 -95.8779 200
    endloop
  endfacet
  facet normal -0 0 1
    outer loop
      vertex -99.0483 -85.7422 200
      vertex -90 -90 200
      vertex -98.7631 -85.1825 200
    endloop
  endfacet
  facet normal 0 0 1
    outer loop
      vertex -90 -90 200
      vertex -98.7631 -94.8175 200
      vertex -98.4433 -95.3583 200
    endloop
  endfacet
  facet normal -0 0 1
    outer loop
      vertex -99.2978 -86.3188 200
      vertex -90 -90 200
      vertex -99.0483 -85.7422 200
    endloop
  endfacet
  facet normal 0 0 1
    outer loop
      vertex -90 -90 200
      vertex -99.0483 -94.2578 200
      vertex -98.7631 -94.8175 200
    endloop
  endfacet
  facet normal -0 0 1
    outer loop
      vertex -99.5106 -86.9098 200
      vertex -90 -90 200
      vertex -99.2978 -86.3188 200
    endloop
  endfacet
  facet normal 0 0 1
    outer loop
      vertex -90 -90 200
      vertex -99.2978 -93.6812 200
      vertex -99.0483 -94.2578 200
    endloop
  endfacet
  facet normal -0 0 1
    outer loop
      vertex -99.6858 -87.5131 200
      vertex -90 -90 200
      vertex -99.5106 -86.9098 200
    endloop
  endfacet
  facet normal 0 0 1
    outer loop
      vertex -90 -90 200
      vertex -99.5106 -93.0902 200
      vertex -99.2978 -93.6812 200
    endloop
  endfacet
  facet normal -0 0 1
    outer loop
      vertex -99.8229 -88.1262 200
      vertex -90 -90 200
      vertex -99.6858 -87.5131 200
    endloop
  endfacet
  facet normal 0 0 1
    outer loop
      vertex -90 -90 200
      vertex -99.6858 -92.4869 200
      vertex -99.5106 -93.0902 200
    endloop
  endfacet
  facet normal -0 0 1
    outer loop
      vertex -99.9211 -88.7467 200
      vertex -90 -90 200
      vertex -99.8229 -88.1262 200
    endloop
  endfacet
  facet normal 0 0 1
    outer loop
      vertex -90 -90 200
      vertex -99.8229 -91.8738 200
      vertex -99.6858 -92.4869 200
    endloop
  endfacet
  facet normal -0 0 1
    outer loop
      vertex -99.9803 -89.3721 200
      vertex -90 -90 200
      vertex -99.9211 -88.7467 200
    endloop
  endfacet
  facet normal 0 0 1
    outer loop
      vertex -90 -90 200
      vertex -99.9211 -91.2533 200
      vertex -99.8229 -91.8738 200
    endloop
  endfacet
  facet normal 0 0 1
    outer loop
      vertex -100 -90 200
      vertex -90 -90 200
      vertex -99.9803 -89.3721 200
    endloop
  endfacet
  facet normal 0 0 1
    outer loop
      vertex -90 -90 200
      vertex -99.9803 -90.6279 200
      vertex -99.9211 -91.2533 200
    endloop
  endfacet
  facet normal 0 0 1
    outer loop
      vertex -90 -90 200
      vertex -100 -90 200
      vertex -99.9803 -90.6279 200
    endloop
  endfacet
  facet normal -0 0 1
    outer loop
      vertex -90 -90 200
      vertex -80.0197 -90.6279 200
      vertex -80 -90 200
    endloop
  endfacet
  facet normal 0 0 1
    outer loop
      vertex -80.0197 -90.6279 200
      vertex -90 -90 200
      vertex -80.0788 -91.2533 200
    endloop
  endfacet
  facet normal 0 0 1
    outer loop
      vertex -80.0788 -91.2533 200
      vertex -90 -90 200
      vertex -80.1771 -91.8738 200
    endloop
  endfacet
  facet normal 0 0 1
    outer loop
      vertex -80.1771 -91.8738 200
      vertex -90 -90 200
      vertex -80.3142 -92.4869 200
    endloop
  endfacet
  facet normal 0 0 1
    outer loop
      vertex -80.3142 -92.4869 200
      vertex -90 -90 200
      vertex -80.4894 -93.0902 200
    endloop
  endfacet
  facet normal 0 0 1
    outer loop
      vertex -80.4894 -93.0902 200
      vertex -90 -90 200
      vertex -80.7022 -93.6812 200
    endloop
  endfacet
  facet normal 0 0 1
    outer loop
      vertex -80.7022 -93.6812 200
      vertex -90 -90 200
      vertex -80.9517 -94.2578 200
    endloop
  endfacet
  facet normal 0 0 1
    outer loop
      vertex -80.9517 -94.2578 200
      vertex -90 -90 200
      vertex -81.2369 -94.8175 200
    endloop
  endfacet
  facet normal 0 0 1
    outer loop
      vertex -81.2369 -94.8175 200
      vertex -90 -90 200
      vertex -81.5567 -95.3583 200
    endloop
  endfacet
  facet normal 0 0 1
    outer loop
      vertex -81.5567 -95.3583 200
      vertex -90 -90 200
      vertex -81.9098 -95.8779 200
    endloop
  endfacet
  facet normal 0 0 1
    outer loop
      vertex -81.9098 -95.8779 200
      vertex -90 -90 200
      vertex -82.2949 -96.3742 200
    endloop
  endfacet
  facet normal 0 0 1
    outer loop
      vertex -82.2949 -96.3742 200
      vertex -90 -90 200
      vertex -82.7103 -96.8455 200
    endloop
  endfacet
  facet normal 0 0 1
    outer loop
      vertex -82.7103 -96.8455 200
      vertex -90 -90 200
      vertex -83.1545 -97.2897 200
    endloop
  endfacet
  facet normal 0 0 1
    outer loop
      vertex -83.1545 -97.2897 200
      vertex -90 -90 200
      vertex -83.6258 -97.7051 200
    endloop
  endfacet
  facet normal 0 0 1
    outer loop
      vertex -83.6258 -97.7051 200
      vertex -90 -90 200
      vertex -84.1221 -98.0902 200
    endloop
  endfacet
  facet normal 0 0 1
    outer loop
      vertex -84.1221 -98.0902 200
      vertex -90 -90 200
      vertex -84.6417 -98.4433 200
    endloop
  endfacet
  facet normal 0 0 1
    outer loop
      vertex -84.6417 -98.4433 200
      vertex -90 -90 200
      vertex -85.1825 -98.7631 200
    endloop
  endfacet
  facet normal 0 0 1
    outer loop
      vertex -85.1825 -98.7631 200
      vertex -90 -90 200
      vertex -85.7422 -99.0483 200
    endloop
  endfacet
  facet normal 0 0 1
    outer loop
      vertex -85.7422 -99.0483 200
      vertex -90 -90 200
      vertex -86.3188 -99.2978 200
    endloop
  endfacet
  facet normal 0 0 1
    outer loop
      vertex -86.3188 -99.2978 200
      vertex -90 -90 200
      vertex -86.9098 -99.5106 200
    endloop
  endfacet
  facet normal 0 0 1
    outer loop
      vertex -86.9098 -99.5106 200
      vertex -90 -90 200
      vertex -87.5131 -99.6858 200
    endloop
  endfacet
  facet normal 0 0 1
    outer loop
      vertex -87.5131 -99.6858 200
      vertex -90 -90 200
      vertex -88.1262 -99.8229 200
    endloop
  endfacet
  facet normal 0 0 1
    outer loop
      vertex -88.1262 -99.8229 200
      vertex -90 -90 200
      vertex -88.7467 -99.9211 200
    endloop
  endfacet
  facet normal 0 0 1
    outer loop
      vertex -88.7467 -99.9211 200
      vertex -90 -90 200
      vertex -89.3721 -99.9803 200
    endloop
  endfacet
  facet normal 0 0 1
    outer loop
      vertex -89.3721 -99.9803 200
      vertex -90 -90 200
      vertex -90 -100 200
    endloop
  endfacet
  facet normal -0.99555 0.0942382 0
    outer loop
      vertex -99.9803 -89.3721 10
      vertex -99.9211 -88.7467 200
      vertex -99.9211 -88.7467 10
    endloop
  endfacet
  facet normal -0.99555 0.0942382 0
    outer loop
      vertex -99.9211 -88.7467 200
      vertex -99.9803 -89.3721 10
      vertex -99.9803 -89.3721 200
    endloop
  endfacet
  facet normal -0.509008 0.860762 0
    outer loop
      vertex -94.8175 -81.2369 10
      vertex -95.3583 -81.5567 200
      vertex -94.8175 -81.2369 200
    endloop
  endfacet
  facet normal -0.509008 0.860762 0
    outer loop
      vertex -95.3583 -81.5567 200
      vertex -94.8175 -81.2369 10
      vertex -95.3583 -81.5567 10
    endloop
  endfacet
  facet normal 0.960326 -0.278881 0
    outer loop
      vertex -80.4894 -93.0902 200
      vertex -80.3142 -92.4869 10
      vertex -80.3142 -92.4869 200
    endloop
  endfacet
  facet normal 0.960326 -0.278881 0
    outer loop
      vertex -80.3142 -92.4869 10
      vertex -80.4894 -93.0902 200
      vertex -80.4894 -93.0902 10
    endloop
  endfacet
  facet normal 0.999508 -0.031359 0
    outer loop
      vertex -80.0197 -90.6279 200
      vertex -80 -90 190
      vertex -80 -90 200
    endloop
  endfacet
  facet normal 0.999508 -0.031359 0
    outer loop
      vertex -80.0197 -90.6279 10
      vertex -80 -90 190
      vertex -80.0197 -90.6279 200
    endloop
  endfacet
  facet normal 0.999508 -0.031359 0
    outer loop
      vertex -80 -90 190
      vertex -80.0197 -90.6279 10
      vertex -80 -90 10
    endloop
  endfacet
  facet normal 0.940867 -0.338776 0
    outer loop
      vertex -80.7022 -93.6812 200
      vertex -80.4894 -93.0902 10
      vertex -80.4894 -93.0902 200
    endloop
  endfacet
  facet normal 0.940867 -0.338776 0
    outer loop
      vertex -80.4894 -93.0902 10
      vertex -80.7022 -93.6812 200
      vertex -80.7022 -93.6812 10
    endloop
  endfacet
  facet normal 0.750195 -0.661216 0
    outer loop
      vertex -82.7103 -96.8455 200
      vertex -82.2949 -96.3742 10
      vertex -82.2949 -96.3742 200
    endloop
  endfacet
  facet normal 0.750195 -0.661216 0
    outer loop
      vertex -82.2949 -96.3742 10
      vertex -82.7103 -96.8455 200
      vertex -82.7103 -96.8455 10
    endloop
  endfacet
  facet normal 0.790055 -0.613037 0
    outer loop
      vertex -82.2949 -96.3742 200
      vertex -81.9098 -95.8779 10
      vertex -81.9098 -95.8779 200
    endloop
  endfacet
  facet normal 0.790055 -0.613037 0
    outer loop
      vertex -81.9098 -95.8779 10
      vertex -82.2949 -96.3742 200
      vertex -82.2949 -96.3742 10
    endloop
  endfacet
  facet normal -0.218228 -0.975898 0
    outer loop
      vertex -92.4869 -99.6858 10
      vertex -91.8738 -99.8229 200
      vertex -92.4869 -99.6858 200
    endloop
  endfacet
  facet normal -0.218228 -0.975898 -0
    outer loop
      vertex -91.8738 -99.8229 200
      vertex -92.4869 -99.6858 10
      vertex -91.8738 -99.8229 10
    endloop
  endfacet
  facet normal -0.890995 -0.454014 0
    outer loop
      vertex -98.7631 -94.8175 10
      vertex -99.0483 -94.2578 200
      vertex -99.0483 -94.2578 10
    endloop
  endfacet
  facet normal -0.890995 -0.454014 0
    outer loop
      vertex -99.0483 -94.2578 200
      vertex -98.7631 -94.8175 10
      vertex -98.7631 -94.8175 200
    endloop
  endfacet
  facet normal 0.975898 -0.218228 0
    outer loop
      vertex -80.3142 -92.4869 200
      vertex -80.1771 -91.8738 10
      vertex -80.1771 -91.8738 200
    endloop
  endfacet
  facet normal 0.975898 -0.218228 0
    outer loop
      vertex -80.1771 -91.8738 10
      vertex -80.3142 -92.4869 200
      vertex -80.3142 -92.4869 10
    endloop
  endfacet
  facet normal 0.890995 -0.454014 0
    outer loop
      vertex -81.2369 -94.8175 200
      vertex -80.9517 -94.2578 10
      vertex -80.9517 -94.2578 200
    endloop
  endfacet
  facet normal 0.890995 -0.454014 0
    outer loop
      vertex -80.9517 -94.2578 10
      vertex -81.2369 -94.8175 200
      vertex -81.2369 -94.8175 10
    endloop
  endfacet
  facet normal 0.917765 -0.397125 0
    outer loop
      vertex -80.9517 -94.2578 200
      vertex -80.7022 -93.6812 10
      vertex -80.7022 -93.6812 200
    endloop
  endfacet
  facet normal 0.917765 -0.397125 0
    outer loop
      vertex -80.7022 -93.6812 10
      vertex -80.9517 -94.2578 200
      vertex -80.9517 -94.2578 10
    endloop
  endfacet
  facet normal 1 -0 0
    outer loop
      vertex -90 -90 200
      vertex -90 -80 190
      vertex -90 -80 200
    endloop
  endfacet
  facet normal 1 0 0
    outer loop
      vertex -90 -80 190
      vertex -90 -90 200
      vertex -90 -90 190
    endloop
  endfacet
  facet normal 1 -0 0
    outer loop
      vertex -90 80 200
      vertex -90 90 190
      vertex -90 90 200
    endloop
  endfacet
  facet normal 1 0 0
    outer loop
      vertex -90 90 190
      vertex -90 80 200
      vertex -90 80 190
    endloop
  endfacet
  facet normal -1 0 0
    outer loop
      vertex 90 -90 190
      vertex 90 -80 200
      vertex 90 -80 190
    endloop
  endfacet
  facet normal -1 -0 0
    outer loop
      vertex 90 -80 200
      vertex 90 -90 190
      vertex 90 -90 200
    endloop
  endfacet
  facet normal -1 0 0
    outer loop
      vertex 90 80 190
      vertex 90 90 200
      vertex 90 90 190
    endloop
  endfacet
  facet normal -1 -0 0
    outer loop
      vertex 90 90 200
      vertex 90 80 190
      vertex 90 80 200
    endloop
  endfacet
  facet normal 0 0 1
    outer loop
      vertex -90 -90 190
      vertex -80.0197 -89.3721 190
      vertex -80.0788 -88.7467 190
    endloop
  endfacet
  facet normal 0 0 1
    outer loop
      vertex -90 -90 190
      vertex -80.0788 -88.7467 190
      vertex -80.1771 -88.1262 190
    endloop
  endfacet
  facet normal 0 0 1
    outer loop
      vertex -90 -90 190
      vertex -80.1771 -88.1262 190
      vertex -80.3142 -87.5131 190
    endloop
  endfacet
  facet normal 0 0 1
    outer loop
      vertex -90 -90 190
      vertex -80.3142 -87.5131 190
      vertex -80.4894 -86.9098 190
    endloop
  endfacet
  facet normal 0 0 1
    outer loop
      vertex -90 -90 190
      vertex -80.4894 -86.9098 190
      vertex -80.7022 -86.3188 190
    endloop
  endfacet
  facet normal 0 0 1
    outer loop
      vertex -90 -90 190
      vertex -80.7022 -86.3188 190
      vertex -80.9517 -85.7422 190
    endloop
  endfacet
  facet normal 0 0 1
    outer loop
      vertex -90 -90 190
      vertex -80.9517 -85.7422 190
      vertex -81.2369 -85.1825 190
    endloop
  endfacet
  facet normal 0 0 1
    outer loop
      vertex -90 -90 190
      vertex -81.2369 -85.1825 190
      vertex -81.5567 -84.6417 190
    endloop
  endfacet
  facet normal 0 0 1
    outer loop
      vertex -90 -90 190
      vertex -81.5567 -84.6417 190
      vertex -81.9098 -84.1221 190
    endloop
  endfacet
  facet normal 0 0 1
    outer loop
      vertex -90 -90 190
      vertex -81.9098 -84.1221 190
      vertex -82.2949 -83.6258 190
    endloop
  endfacet
  facet normal 0 0 1
    outer loop
      vertex -90 -90 190
      vertex -82.2949 -83.6258 190
      vertex -82.7103 -83.1545 190
    endloop
  endfacet
  facet normal 0 0 1
    outer loop
      vertex -90 -90 190
      vertex -82.7103 -83.1545 190
      vertex -83.1545 -82.7103 190
    endloop
  endfacet
  facet normal 0 0 1
    outer loop
      vertex -90 -90 190
      vertex -83.1545 -82.7103 190
      vertex -83.6258 -82.2949 190
    endloop
  endfacet
  facet normal 0 0 1
    outer loop
      vertex -90 -90 190
      vertex -83.6258 -82.2949 190
      vertex -84.1221 -81.9098 190
    endloop
  endfacet
  facet normal 0 0 1
    outer loop
      vertex -90 -90 190
      vertex -84.1221 -81.9098 190
      vertex -84.6417 -81.5567 190
    endloop
  endfacet
  facet normal 0 0 1
    outer loop
      vertex -90 -90 190
      vertex -84.6417 -81.5567 190
      vertex -85.1825 -81.2369 190
    endloop
  endfacet
  facet normal 0 0 1
    outer loop
      vertex -90 -90 190
      vertex -85.1825 -81.2369 190
      vertex -85.7422 -80.9517 190
    endloop
  endfacet
  facet normal 0 0 1
    outer loop
      vertex -90 -90 190
      vertex -85.7422 -80.9517 190
      vertex -86.3188 -80.7022 190
    endloop
  endfacet
  facet normal 0 0 1
    outer loop
      vertex -90 -90 190
      vertex -86.3188 -80.7022 190
      vertex -86.9098 -80.4894 190
    endloop
  endfacet
  facet normal 0 0 1
    outer loop
      vertex -90 -90 190
      vertex -86.9098 -80.4894 190
      vertex -87.5131 -80.3142 190
    endloop
  endfacet
  facet normal 0 0 1
    outer loop
      vertex -90 -90 190
      vertex -87.5131 -80.3142 190
      vertex -88.1262 -80.1771 190
    endloop
  endfacet
  facet normal 0 0 1
    outer loop
      vertex -90 -90 190
      vertex -88.1262 -80.1771 190
      vertex -88.7467 -80.0788 190
    endloop
  endfacet
  facet normal 0 0 1
    outer loop
      vertex -90 -90 190
      vertex -88.7467 -80.0788 190
      vertex -89.3721 -80.0197 190
    endloop
  endfacet
  facet normal 0 0 1
    outer loop
      vertex -90 -90 190
      vertex -89.3721 -80.0197 190
      vertex -90 -80 190
    endloop
  endfacet
  facet normal 0 0 1
    outer loop
      vertex -80.0197 -89.3721 190
      vertex -90 -90 190
      vertex -80 -90 190
    endloop
  endfacet
  facet normal 0 0 1
    outer loop
      vertex 90 90 190
      vertex 89.3721 80.0197 190
      vertex 90 80 190
    endloop
  endfacet
  facet normal 0 0 1
    outer loop
      vertex 90 90 190
      vertex 88.7467 80.0788 190
      vertex 89.3721 80.0197 190
    endloop
  endfacet
  facet normal 0 0 1
    outer loop
      vertex 90 90 190
      vertex 88.1262 80.1771 190
      vertex 88.7467 80.0788 190
    endloop
  endfacet
  facet normal 0 0 1
    outer loop
      vertex 90 90 190
      vertex 87.5131 80.3142 190
      vertex 88.1262 80.1771 190
    endloop
  endfacet
  facet normal 0 0 1
    outer loop
      vertex 90 90 190
      vertex 86.9098 80.4894 190
      vertex 87.5131 80.3142 190
    endloop
  endfacet
  facet normal 0 0 1
    outer loop
      vertex 90 90 190
      vertex 86.3188 80.7022 190
      vertex 86.9098 80.4894 190
    endloop
  endfacet
  facet normal 0 0 1
    outer loop
      vertex 90 90 190
      vertex 85.7422 80.9517 190
      vertex 86.3188 80.7022 190
    endloop
  endfacet
  facet normal 0 0 1
    outer loop
      vertex 90 90 190
      vertex 85.1825 81.2369 190
      vertex 85.7422 80.9517 190
    endloop
  endfacet
  facet normal 0 0 1
    outer loop
      vertex 90 90 190
      vertex 84.6417 81.5567 190
      vertex 85.1825 81.2369 190
    endloop
  endfacet
  facet normal 0 0 1
    outer loop
      vertex 90 90 190
      vertex 84.1221 81.9098 190
      vertex 84.6417 81.5567 190
    endloop
  endfacet
  facet normal 0 0 1
    outer loop
      vertex 90 90 190
      vertex 83.6258 82.2949 190
      vertex 84.1221 81.9098 190
    endloop
  endfacet
  facet normal 0 0 1
    outer loop
      vertex 90 90 190
      vertex 83.1545 82.7103 190
      vertex 83.6258 82.2949 190
    endloop
  endfacet
  facet normal 0 0 1
    outer loop
      vertex 90 90 190
      vertex 82.7103 83.1545 190
      vertex 83.1545 82.7103 190
    endloop
  endfacet
  facet normal 0 0 1
    outer loop
      vertex 90 90 190
      vertex 82.2949 83.6258 190
      vertex 82.7103 83.1545 190
    endloop
  endfacet
  facet normal 0 0 1
    outer loop
      vertex 90 90 190
      vertex 81.9098 84.1221 190
      vertex 82.2949 83.6258 190
    endloop
  endfacet
  facet normal 0 0 1
    outer loop
      vertex 90 90 190
      vertex 81.5567 84.6417 190
      vertex 81.9098 84.1221 190
    endloop
  endfacet
  facet normal 0 0 1
    outer loop
      vertex 90 90 190
      vertex 81.2369 85.1825 190
      vertex 81.5567 84.6417 190
    endloop
  endfacet
  facet normal 0 0 1
    outer loop
      vertex 90 90 190
      vertex 80.9517 85.7422 190
      vertex 81.2369 85.1825 190
    endloop
  endfacet
  facet normal 0 0 1
    outer loop
      vertex 90 90 190
      vertex 80.7022 86.3188 190
      vertex 80.9517 85.7422 190
    endloop
  endfacet
  facet normal 0 0 1
    outer loop
      vertex 90 90 190
      vertex 80.4894 86.9098 190
      vertex 80.7022 86.3188 190
    endloop
  endfacet
  facet normal 0 0 1
    outer loop
      vertex 90 90 190
      vertex 80.3142 87.5131 190
      vertex 80.4894 86.9098 190
    endloop
  endfacet
  facet normal 0 0 1
    outer loop
      vertex 90 90 190
      vertex 80.1771 88.1262 190
      vertex 80.3142 87.5131 190
    endloop
  endfacet
  facet normal 0 0 1
    outer loop
      vertex 90 90 190
      vertex 80.0788 88.7467 190
      vertex 80.1771 88.1262 190
    endloop
  endfacet
  facet normal 0 0 1
    outer loop
      vertex 90 90 190
      vertex 80.0197 89.3721 190
      vertex 80.0788 88.7467 190
    endloop
  endfacet
  facet normal 0 -0 1
    outer loop
      vertex 80.0197 89.3721 190
      vertex 90 90 190
      vertex 80 90 190
    endloop
  endfacet
  facet normal -0 0 1
    outer loop
      vertex -90 90 190
      vertex -80.0197 89.3721 190
      vertex -80 90 190
    endloop
  endfacet
  facet normal 0 0 1
    outer loop
      vertex -80.0197 89.3721 190
      vertex -90 90 190
      vertex -80.0788 88.7467 190
    endloop
  endfacet
  facet normal 0 0 1
    outer loop
      vertex -80.0788 88.7467 190
      vertex -90 90 190
      vertex -80.1771 88.1262 190
    endloop
  endfacet
  facet normal 0 0 1
    outer loop
      vertex -80.1771 88.1262 190
      vertex -90 90 190
      vertex -80.3142 87.5131 190
    endloop
  endfacet
  facet normal 0 0 1
    outer loop
      vertex -80.3142 87.5131 190
      vertex -90 90 190
      vertex -80.4894 86.9098 190
    endloop
  endfacet
  facet normal 0 0 1
    outer loop
      vertex -80.4894 86.9098 190
      vertex -90 90 190
      vertex -80.7022 86.3188 190
    endloop
  endfacet
  facet normal 0 0 1
    outer loop
      vertex -80.7022 86.3188 190
      vertex -90 90 190
      vertex -80.9517 85.7422 190
    endloop
  endfacet
  facet normal 0 0 1
    outer loop
      vertex -80.9517 85.7422 190
      vertex -90 90 190
      vertex -81.2369 85.1825 190
    endloop
  endfacet
  facet normal 0 0 1
    outer loop
      vertex -81.2369 85.1825 190
      vertex -90 90 190
      vertex -81.5567 84.6417 190
    endloop
  endfacet
  facet normal 0 0 1
    outer loop
      vertex -81.5567 84.6417 190
      vertex -90 90 190
      vertex -81.9098 84.1221 190
    endloop
  endfacet
  facet normal 0 0 1
    outer loop
      vertex -81.9098 84.1221 190
      vertex -90 90 190
      vertex -82.2949 83.6258 190
    endloop
  endfacet
  facet normal 0 0 1
    outer loop
      vertex -82.2949 83.6258 190
      vertex -90 90 190
      vertex -82.7103 83.1545 190
    endloop
  endfacet
  facet normal 0 0 1
    outer loop
      vertex -82.7103 83.1545 190
      vertex -90 90 190
      vertex -83.1545 82.7103 190
    endloop
  endfacet
  facet normal 0 0 1
    outer loop
      vertex -83.1545 82.7103 190
      vertex -90 90 190
      vertex -83.6258 82.2949 190
    endloop
  endfacet
  facet normal 0 0 1
    outer loop
      vertex -83.6258 82.2949 190
      vertex -90 90 190
      vertex -84.1221 81.9098 190
    endloop
  endfacet
  facet normal 0 0 1
    outer loop
      vertex -84.1221 81.9098 190
      vertex -90 90 190
      vertex -84.6417 81.5567 190
    endloop
  endfacet
  facet normal 0 0 1
    outer loop
      vertex -84.6417 81.5567 190
      vertex -90 90 190
      vertex -85.1825 81.2369 190
    endloop
  endfacet
  facet normal 0 0 1
    outer loop
      vertex -85.1825 81.2369 190
      vertex -90 90 190
      vertex -85.7422 80.9517 190
    endloop
  endfacet
  facet normal 0 0 1
    outer loop
      vertex -85.7422 80.9517 190
      vertex -90 90 190
      vertex -86.3188 80.7022 190
    endloop
  endfacet
  facet normal 0 0 1
    outer loop
      vertex -86.3188 80.7022 190
      vertex -90 90 190
      vertex -86.9098 80.4894 190
    endloop
  endfacet
  facet normal 0 0 1
    outer loop
      vertex -86.9098 80.4894 190
      vertex -90 90 190
      vertex -87.5131 80.3142 190
    endloop
  endfacet
  facet normal 0 0 1
    outer loop
      vertex -87.5131 80.3142 190
      vertex -90 90 190
      vertex -88.1262 80.1771 190
    endloop
  endfacet
  facet normal 0 0 1
    outer loop
      vertex -88.1262 80.1771 190
      vertex -90 90 190
      vertex -88.7467 80.0788 190
    endloop
  endfacet
  facet normal 0 0 1
    outer loop
      vertex -88.7467 80.0788 190
      vertex -90 90 190
      vertex -89.3721 80.0197 190
    endloop
  endfacet
  facet normal 0 0 1
    outer loop
      vertex -89.3721 80.0197 190
      vertex -90 90 190
      vertex -90 80 190
    endloop
  endfacet
  facet normal -0 0 1
    outer loop
      vertex 89.3721 -80.0197 190
      vertex 90 -90 190
      vertex 90 -80 190
    endloop
  endfacet
  facet normal -0 0 1
    outer loop
      vertex 88.7467 -80.0788 190
      vertex 90 -90 190
      vertex 89.3721 -80.0197 190
    endloop
  endfacet
  facet normal -0 0 1
    outer loop
      vertex 88.1262 -80.1771 190
      vertex 90 -90 190
      vertex 88.7467 -80.0788 190
    endloop
  endfacet
  facet normal -0 0 1
    outer loop
      vertex 87.5131 -80.3142 190
      vertex 90 -90 190
      vertex 88.1262 -80.1771 190
    endloop
  endfacet
  facet normal -0 0 1
    outer loop
      vertex 86.9098 -80.4894 190
      vertex 90 -90 190
      vertex 87.5131 -80.3142 190
    endloop
  endfacet
  facet normal -0 0 1
    outer loop
      vertex 86.3188 -80.7022 190
      vertex 90 -90 190
      vertex 86.9098 -80.4894 190
    endloop
  endfacet
  facet normal -0 0 1
    outer loop
      vertex 85.7422 -80.9517 190
      vertex 90 -90 190
      vertex 86.3188 -80.7022 190
    endloop
  endfacet
  facet normal -0 0 1
    outer loop
      vertex 85.1825 -81.2369 190
      vertex 90 -90 190
      vertex 85.7422 -80.9517 190
    endloop
  endfacet
  facet normal -0 0 1
    outer loop
      vertex 84.6417 -81.5567 190
      vertex 90 -90 190
      vertex 85.1825 -81.2369 190
    endloop
  endfacet
  facet normal -0 0 1
    outer loop
      vertex 84.1221 -81.9098 190
      vertex 90 -90 190
      vertex 84.6417 -81.5567 190
    endloop
  endfacet
  facet normal -0 0 1
    outer loop
      vertex 83.6258 -82.2949 190
      vertex 90 -90 190
      vertex 84.1221 -81.9098 190
    endloop
  endfacet
  facet normal -0 0 1
    outer loop
      vertex 83.1545 -82.7103 190
      vertex 90 -90 190
      vertex 83.6258 -82.2949 190
    endloop
  endfacet
  facet normal -0 0 1
    outer loop
      vertex 82.7103 -83.1545 190
      vertex 90 -90 190
      vertex 83.1545 -82.7103 190
    endloop
  endfacet
  facet normal -0 0 1
    outer loop
      vertex 82.2949 -83.6258 190
      vertex 90 -90 190
      vertex 82.7103 -83.1545 190
    endloop
  endfacet
  facet normal -0 0 1
    outer loop
      vertex 81.9098 -84.1221 190
      vertex 90 -90 190
      vertex 82.2949 -83.6258 190
    endloop
  endfacet
  facet normal -0 0 1
    outer loop
      vertex 81.5567 -84.6417 190
      vertex 90 -90 190
      vertex 81.9098 -84.1221 190
    endloop
  endfacet
  facet normal -0 0 1
    outer loop
      vertex 81.2369 -85.1825 190
      vertex 90 -90 190
      vertex 81.5567 -84.6417 190
    endloop
  endfacet
  facet normal -0 0 1
    outer loop
      vertex 80.9517 -85.7422 190
      vertex 90 -90 190
      vertex 81.2369 -85.1825 190
    endloop
  endfacet
  facet normal -0 0 1
    outer loop
      vertex 80.7022 -86.3188 190
      vertex 90 -90 190
      vertex 80.9517 -85.7422 190
    endloop
  endfacet
  facet normal -0 0 1
    outer loop
      vertex 80.4894 -86.9098 190
      vertex 90 -90 190
      vertex 80.7022 -86.3188 190
    endloop
  endfacet
  facet normal -0 0 1
    outer loop
      vertex 80.3142 -87.5131 190
      vertex 90 -90 190
      vertex 80.4894 -86.9098 190
    endloop
  endfacet
  facet normal -0 0 1
    outer loop
      vertex 80.1771 -88.1262 190
      vertex 90 -90 190
      vertex 80.3142 -87.5131 190
    endloop
  endfacet
  facet normal -0 0 1
    outer loop
      vertex 80.0788 -88.7467 190
      vertex 90 -90 190
      vertex 80.1771 -88.1262 190
    endloop
  endfacet
  facet normal -0 0 1
    outer loop
      vertex 80.0197 -89.3721 190
      vertex 90 -90 190
      vertex 80.0788 -88.7467 190
    endloop
  endfacet
  facet normal 0 0 1
    outer loop
      vertex 90 -90 190
      vertex 80.0197 -89.3721 190
      vertex 80 -90 190
    endloop
  endfacet
  facet normal 0 1 -0
    outer loop
      vertex -80 -90 190
      vertex -90 -90 200
      vertex -80 -90 200
    endloop
  endfacet
  facet normal 0 1 0
    outer loop
      vertex -90 -90 200
      vertex -80 -90 190
      vertex -90 -90 190
    endloop
  endfacet
  facet normal 0 1 -0
    outer loop
      vertex 90 -90 190
      vertex 80 -90 200
      vertex 90 -90 200
    endloop
  endfacet
  facet normal 0 1 0
    outer loop
      vertex 80 -90 200
      vertex 90 -90 190
      vertex 80 -90 190
    endloop
  endfacet
  facet normal 0 -1 0
    outer loop
      vertex 80 90 190
      vertex 90 90 200
      vertex 80 90 200
    endloop
  endfacet
  facet normal 0 -1 -0
    outer loop
      vertex 90 90 200
      vertex 80 90 190
      vertex 90 90 190
    endloop
  endfacet
  facet normal 0 -1 0
    outer loop
      vertex -90 90 190
      vertex -80 90 200
      vertex -90 90 200
    endloop
  endfacet
  facet normal 0 -1 -0
    outer loop
      vertex -80 90 200
      vertex -90 90 190
      vertex -80 90 190
    endloop
  endfacet
endsolid OpenSCAD_Model
